#pragma once

inline static const unsigned char DlssNr_cso[] = {
    0x44, 0x58, 0x42, 0x43, 0x8c, 0x1d, 0x8d, 0x1c, 0xb7, 0xa6, 0x10, 0xe8, 
    0x79, 0xa8, 0xfd, 0x08, 0x29, 0x06, 0x9a, 0xb3, 0x01, 0x00, 0x00, 0x00, 
    0xe0, 0x4b, 0x00, 0x00, 0x07, 0x00, 0x00, 0x00, 0x3c, 0x00, 0x00, 0x00, 
    0x4c, 0x00, 0x00, 0x00, 0x5c, 0x00, 0x00, 0x00, 0x6c, 0x00, 0x00, 0x00, 
    0xb4, 0x01, 0x00, 0x00, 0xe8, 0x0e, 0x00, 0x00, 0x04, 0x0f, 0x00, 0x00, 
    0x53, 0x46, 0x49, 0x30, 0x08, 0x00, 0x00, 0x00, 0x00, 0x08, 0x00, 0x00, 
    0x00, 0x00, 0x00, 0x00, 0x49, 0x53, 0x47, 0x31, 0x08, 0x00, 0x00, 0x00, 
    0x00, 0x00, 0x00, 0x00, 0x08, 0x00, 0x00, 0x00, 0x4f, 0x53, 0x47, 0x31, 
    0x08, 0x00, 0x00, 0x00, 0x00, 0x00, 0x00, 0x00, 0x08, 0x00, 0x00, 0x00, 
    0x50, 0x53, 0x56, 0x30, 0x40, 0x01, 0x00, 0x00, 0x34, 0x00, 0x00, 0x00, 
    0x00, 0x00, 0x00, 0x00, 0x00, 0x00, 0x00, 0x00, 0x00, 0x00, 0x00, 0x00, 
    0x00, 0x00, 0x00, 0x00, 0x00, 0x00, 0x00, 0x00, 0xff, 0xff, 0xff, 0xff, 
    0x05, 0x00, 0x00, 0x00, 0x00, 0x00, 0x00, 0x00, 0x00, 0x00, 0x00, 0x00, 
    0x08, 0x00, 0x00, 0x00, 0x08, 0x00, 0x00, 0x00, 0x01, 0x00, 0x00, 0x00, 
    0x01, 0x00, 0x00, 0x00, 0x0a, 0x00, 0x00, 0x00, 0x18, 0x00, 0x00, 0x00, 
    0x02, 0x00, 0x00, 0x00, 0x00, 0x00, 0x00, 0x00, 0x00, 0x00, 0x00, 0x00, 
    0x00, 0x00, 0x00, 0x00, 0x0d, 0x00, 0x00, 0x00, 0x00, 0x00, 0x00, 0x00, 
    0x01, 0x00, 0x00, 0x00, 0x00, 0x00, 0x00, 0x00, 0x00, 0x00, 0x00, 0x00, 
    0x00, 0x00, 0x00, 0x00, 0x0e, 0x00, 0x00, 0x00, 0x00, 0x00, 0x00, 0x00, 
    0x03, 0x00, 0x00, 0x00, 0x00, 0x00, 0x00, 0x00, 0x00, 0x00, 0x00, 0x00, 
    0x00, 0x00, 0x00, 0x00, 0x02, 0x00, 0x00, 0x00, 0x00, 0x00, 0x00, 0x00, 
    0x03, 0x00, 0x00, 0x00, 0x00, 0x00, 0x00, 0x00, 0x01, 0x00, 0x00, 0x00, 
    0x01, 0x00, 0x00, 0x00, 0x02, 0x00, 0x00, 0x00, 0x00, 0x00, 0x00, 0x00, 
    0x03, 0x00, 0x00, 0x00, 0x00, 0x00, 0x00, 0x00, 0x02, 0x00, 0x00, 0x00, 
    0x02, 0x00, 0x00, 0x00, 0x02, 0x00, 0x00, 0x00, 0x00, 0x00, 0x00, 0x00, 
    0x03, 0x00, 0x00, 0x00, 0x00, 0x00, 0x00, 0x00, 0x03, 0x00, 0x00, 0x00, 
    0x03, 0x00, 0x00, 0x00, 0x02, 0x00, 0x00, 0x00, 0x00, 0x00, 0x00, 0x00, 
    0x03, 0x00, 0x00, 0x00, 0x00, 0x00, 0x00, 0x00, 0x04, 0x00, 0x00, 0x00, 
    0x04, 0x00, 0x00, 0x00, 0x02, 0x00, 0x00, 0x00, 0x00, 0x00, 0x00, 0x00, 
    0x03, 0x00, 0x00, 0x00, 0x00, 0x00, 0x00, 0x00, 0x05, 0x00, 0x00, 0x00, 
    0x05, 0x00, 0x00, 0x00, 0x02, 0x00, 0x00, 0x00, 0x00, 0x00, 0x00, 0x00, 
    0x06, 0x00, 0x00, 0x00, 0x00, 0x00, 0x00, 0x00, 0x00, 0x00, 0x00, 0x00, 
    0x00, 0x00, 0x00, 0x00, 0x02, 0x00, 0x00, 0x00, 0x00, 0x00, 0x00, 0x00, 
    0x06, 0x00, 0x00, 0x00, 0x00, 0x00, 0x00, 0x00, 0x01, 0x00, 0x00, 0x00, 
    0x01, 0x00, 0x00, 0x00, 0x02, 0x00, 0x00, 0x00, 0x00, 0x00, 0x00, 0x00, 
    0x08, 0x00, 0x00, 0x00, 0x00, 0x43, 0x53, 0x4d, 0x61, 0x69, 0x6e, 0x00, 
    0x00, 0x00, 0x00, 0x00, 0x53, 0x54, 0x41, 0x54, 0x2c, 0x0d, 0x00, 0x00, 
    0x60, 0x00, 0x05, 0x00, 0x4b, 0x03, 0x00, 0x00, 0x44, 0x58, 0x49, 0x4c, 
    0x00, 0x01, 0x00, 0x00, 0x10, 0x00, 0x00, 0x00, 0x14, 0x0d, 0x00, 0x00, 
    0x42, 0x43, 0xc0, 0xde, 0x21, 0x0c, 0x00, 0x00, 0x42, 0x03, 0x00, 0x00, 
    0x0b, 0x82, 0x20, 0x00, 0x02, 0x00, 0x00, 0x00, 0x13, 0x00, 0x00, 0x00, 
    0x07, 0x81, 0x23, 0x91, 0x41, 0xc8, 0x04, 0x49, 0x06, 0x10, 0x32, 0x39, 
    0x92, 0x01, 0x84, 0x0c, 0x25, 0x05, 0x08, 0x19, 0x1e, 0x04, 0x8b, 0x62, 
    0x80, 0x18, 0x45, 0x02, 0x42, 0x92, 0x0b, 0x42, 0xc4, 0x10, 0x32, 0x14, 
    0x38, 0x08, 0x18, 0x4b, 0x0a, 0x32, 0x62, 0x88, 0x48, 0x90, 0x14, 0x20, 
    0x43, 0x46, 0x88, 0xa5, 0x00, 0x19, 0x32, 0x42, 0xe4, 0x48, 0x0e, 0x90, 
    0x11, 0x23, 0xc4, 0x50, 0x41, 0x51, 0x81, 0x8c, 0xe1, 0x83, 0xe5, 0x8a, 
    0x04, 0x31, 0x46, 0x06, 0x51, 0x18, 0x00, 0x00, 0x08, 0x00, 0x00, 0x00, 
    0x1b, 0x8c, 0xe0, 0xff, 0xff, 0xff, 0xff, 0x07, 0x40, 0x02, 0xa8, 0x0d, 
    0x86, 0xf0, 0xff, 0xff, 0xff, 0xff, 0x03, 0x20, 0x01, 0xd5, 0x06, 0x62, 
    0xf8, 0xff, 0xff, 0xff, 0xff, 0x01, 0x90, 0x00, 0x49, 0x18, 0x00, 0x00, 
    0x03, 0x00, 0x00, 0x00, 0x13, 0x82, 0x60, 0x42, 0x20, 0x4c, 0x08, 0x06, 
    0x00, 0x00, 0x00, 0x00, 0x89, 0x20, 0x00, 0x00, 0x7c, 0x00, 0x00, 0x00, 
    0x32, 0x22, 0x88, 0x09, 0x20, 0x64, 0x85, 0x04, 0x13, 0x23, 0xa4, 0x84, 
    0x04, 0x13, 0x23, 0xe3, 0x84, 0xa1, 0x90, 0x14, 0x12, 0x4c, 0x8c, 0x8c, 
    0x0b, 0x84, 0xc4, 0x4c, 0x10, 0xd4, 0xc1, 0x08, 0x40, 0x09, 0x00, 0x0a, 
    0xe6, 0x08, 0xc0, 0xa0, 0x0c, 0xc3, 0x30, 0x10, 0x31, 0x03, 0x70, 0xd3, 
    0x70, 0xf9, 0x13, 0xf6, 0x10, 0x92, 0xbf, 0x12, 0xd2, 0x4a, 0x4c, 0x7e, 
    0x71, 0xdb, 0xa8, 0x30, 0x0c, 0xc3, 0x18, 0xe6, 0x08, 0x10, 0x42, 0xee, 
    0x19, 0x2e, 0x7f, 0xc2, 0x1e, 0x42, 0xf2, 0x43, 0xa0, 0x19, 0x16, 0x02, 
    0x05, 0x49, 0x61, 0x8e, 0x41, 0x51, 0x0c, 0xc3, 0x30, 0x86, 0x61, 0x30, 
    0x68, 0x29, 0xca, 0x31, 0x28, 0xc3, 0x30, 0x0c, 0xc3, 0x30, 0x50, 0x53, 
    0x16, 0x60, 0x50, 0x86, 0x61, 0x30, 0x0c, 0xc3, 0x40, 0xe8, 0x29, 0x83, 
    0x31, 0x18, 0x14, 0xdd, 0x34, 0x5c, 0xfe, 0x84, 0x3d, 0x84, 0xe4, 0x77, 
    0x08, 0x43, 0x34, 0x12, 0xe2, 0x34, 0x12, 0x22, 0x86, 0x61, 0x18, 0x0a, 
    0x31, 0x0d, 0xca, 0x40, 0x54, 0x21, 0x86, 0x61, 0x18, 0xc8, 0x2a, 0x84, 
    0x31, 0x18, 0x06, 0x61, 0x05, 0x31, 0x06, 0xc3, 0x30, 0x0c, 0xc3, 0x20, 
    0x6d, 0x8e, 0x20, 0x28, 0x03, 0x37, 0x18, 0xd4, 0x1d, 0x35, 0x5c, 0xfe, 
    0x84, 0x3d, 0x84, 0xe4, 0x73, 0x1b, 0x55, 0xac, 0xc4, 0xe4, 0x17, 0xb7, 
    0x8d, 0x08, 0xc3, 0x30, 0x8c, 0x42, 0x7c, 0x83, 0x32, 0x10, 0x78, 0xd4, 
    0x70, 0xf9, 0x13, 0xf6, 0x10, 0x92, 0xcf, 0x6d, 0x54, 0xb1, 0x12, 0x93, 
    0x8f, 0xdc, 0x36, 0x22, 0x86, 0x61, 0x18, 0x0a, 0x21, 0x0e, 0xca, 0x40, 
    0x63, 0x29, 0x8c, 0xc1, 0x30, 0x0c, 0x2a, 0x8b, 0xa1, 0x0c, 0xc8, 0x30, 
    0x70, 0x74, 0x0e, 0x04, 0x0c, 0x23, 0x10, 0xc6, 0x4c, 0x6d, 0x30, 0x0e, 
    0xec, 0x10, 0x0e, 0xf3, 0x30, 0x0f, 0x6e, 0x40, 0x0b, 0xe5, 0x80, 0x0f, 
    0xf4, 0x50, 0x0f, 0xf2, 0x50, 0x0e, 0x72, 0x40, 0x0a, 0x7c, 0x60, 0x0f, 
    0xe5, 0x30, 0x0e, 0xf4, 0xf0, 0x0e, 0xf2, 0xc0, 0x07, 0xe6, 0xc0, 0x0e, 
    0xef, 0x10, 0x0e, 0xf4, 0xc0, 0x06, 0x60, 0x40, 0x07, 0x7e, 0x00, 0x06, 
    0x7e, 0xa0, 0x07, 0x7a, 0xd0, 0x0e, 0xe9, 0x00, 0x0f, 0xf3, 0xf0, 0x0b, 
    0xf4, 0x90, 0x0f, 0xf0, 0x50, 0x0e, 0x28, 0x18, 0x66, 0x12, 0x83, 0x71, 
    0x60, 0x87, 0x70, 0x98, 0x87, 0x79, 0x70, 0x03, 0x5a, 0x28, 0x07, 0x7c, 
    0xa0, 0x87, 0x7a, 0x90, 0x87, 0x72, 0x90, 0x03, 0x52, 0xe0, 0x03, 0x7b, 
    0x28, 0x87, 0x71, 0xa0, 0x87, 0x77, 0x90, 0x07, 0x3e, 0x30, 0x07, 0x76, 
    0x78, 0x87, 0x70, 0xa0, 0x07, 0x36, 0x00, 0x03, 0x3a, 0xf0, 0x03, 0x30, 
    0xf0, 0x03, 0x24, 0xa8, 0x2b, 0xb1, 0x33, 0x91, 0xc1, 0x38, 0xb0, 0x43, 
    0x38, 0xcc, 0xc3, 0x3c, 0xb8, 0x81, 0x2c, 0xdc, 0x02, 0x2d, 0x94, 0x03, 
    0x3e, 0xd0, 0x43, 0x3d, 0xc8, 0x43, 0x39, 0xc8, 0x01, 0x29, 0xf0, 0x81, 
    0x3d, 0x94, 0xc3, 0x38, 0xd0, 0xc3, 0x3b, 0xc8, 0x03, 0x1f, 0x98, 0x03, 
    0x3b, 0xbc, 0x43, 0x38, 0xd0, 0x03, 0x1b, 0x80, 0x01, 0x1d, 0xf8, 0x01, 
    0x18, 0xf8, 0x01, 0x0a, 0x54, 0x72, 0xcf, 0x48, 0x81, 0x08, 0x60, 0x24, 
    0x04, 0x06, 0x83, 0x31, 0x0c, 0x86, 0x31, 0x18, 0x83, 0x61, 0x0c, 0xc3, 
    0x60, 0x18, 0xc3, 0x60, 0x0c, 0xc3, 0x60, 0x18, 0x83, 0x61, 0x18, 0xc3, 
    0x60, 0x0c, 0x04, 0xdf, 0x24, 0x4d, 0x11, 0x25, 0x4c, 0x3e, 0x0b, 0x30, 
    0xcf, 0x42, 0x44, 0xec, 0x04, 0x4c, 0x04, 0x0a, 0x06, 0x92, 0xe7, 0x08, 
    0x40, 0x01, 0x00, 0x00, 0x13, 0x14, 0x72, 0xc0, 0x87, 0x74, 0x60, 0x87, 
    0x36, 0x68, 0x87, 0x79, 0x68, 0x03, 0x72, 0xc0, 0x87, 0x0d, 0xaf, 0x50, 
    0x0e, 0x6d, 0xd0, 0x0e, 0x7a, 0x50, 0x0e, 0x6d, 0x00, 0x0f, 0x7a, 0x30, 
    0x07, 0x72, 0xa0, 0x07, 0x73, 0x20, 0x07, 0x6d, 0x90, 0x0e, 0x71, 0xa0, 
    0x07, 0x73, 0x20, 0x07, 0x6d, 0x90, 0x0e, 0x78, 0xa0, 0x07, 0x73, 0x20, 
    0x07, 0x6d, 0x90, 0x0e, 0x71, 0x60, 0x07, 0x7a, 0x30, 0x07, 0x72, 0xd0, 
    0x06, 0xe9, 0x30, 0x07, 0x72, 0xa0, 0x07, 0x73, 0x20, 0x07, 0x6d, 0x90, 
    0x0e, 0x76, 0x40, 0x07, 0x7a, 0x60, 0x07, 0x74, 0xd0, 0x06, 0xe6, 0x10, 
    0x07, 0x76, 0xa0, 0x07, 0x73, 0x20, 0x07, 0x6d, 0x60, 0x0e, 0x73, 0x20, 
    0x07, 0x7a, 0x30, 0x07, 0x72, 0xd0, 0x06, 0xe6, 0x60, 0x07, 0x74, 0xa0, 
    0x07, 0x76, 0x40, 0x07, 0x6d, 0xe0, 0x0e, 0x78, 0xa0, 0x07, 0x71, 0x60, 
    0x07, 0x7a, 0x30, 0x07, 0x72, 0xa0, 0x07, 0x76, 0x40, 0x07, 0x43, 0x9e, 
    0x00, 0x08, 0x00, 0x00, 0x00, 0x00, 0x00, 0x00, 0x00, 0x00, 0x00, 0x86, 
    0x3c, 0x04, 0x10, 0x00, 0x01, 0x00, 0x00, 0x00, 0x00, 0x00, 0x00, 0x00, 
    0x0c, 0x79, 0x16, 0x20, 0x00, 0x04, 0x00, 0x00, 0x00, 0x00, 0x00, 0x00, 
    0x00, 0x18, 0xf2, 0x34, 0x40, 0x00, 0x08, 0x00, 0x00, 0x00, 0x00, 0x00, 
    0x00, 0x00, 0x30, 0xe4, 0x79, 0x80, 0x00, 0x18, 0x00, 0x00, 0x00, 0x00, 
    0x00, 0x00, 0x00, 0x60, 0xc8, 0x13, 0x01, 0x01, 0x10, 0x00, 0x00, 0x00, 
    0x00, 0x00, 0x00, 0x00, 0xc0, 0x90, 0x87, 0x02, 0x02, 0x40, 0x00, 0x00, 
    0x00, 0x00, 0x00, 0x00, 0x00, 0x80, 0x21, 0x8f, 0x05, 0x04, 0x40, 0x00, 
    0x00, 0x00, 0x00, 0x00, 0x00, 0x00, 0x00, 0x43, 0x1e, 0x0c, 0x08, 0x80, 
    0x00, 0x00, 0x00, 0x00, 0x00, 0x00, 0x00, 0x00, 0x86, 0x3c, 0x1a, 0x10, 
    0x00, 0x01, 0x00, 0x00, 0x00, 0x00, 0x00, 0x00, 0x00, 0x0c, 0x79, 0x3a, 
    0x20, 0x00, 0x02, 0x00, 0x00, 0x00, 0x00, 0x00, 0x00, 0x00, 0x18, 0xf2, 
    0x80, 0x01, 0x10, 0x00, 0x02, 0x00, 0x00, 0x00, 0x00, 0x00, 0x00, 0x00, 
    0x0c, 0x79, 0xc6, 0x00, 0x08, 0x00, 0x01, 0x00, 0x00, 0x00, 0x00, 0x00, 
    0x00, 0x00, 0x86, 0x3c, 0x65, 0x00, 0x04, 0x40, 0x00, 0x00, 0x00, 0x00, 
    0x00, 0x00, 0x00, 0x00, 0x43, 0x9e, 0x33, 0x00, 0x02, 0x40, 0x00, 0x00, 
    0x00, 0x00, 0x00, 0x00, 0x00, 0x80, 0x2c, 0x10, 0x22, 0x00, 0x00, 0x00, 
    0x32, 0x1e, 0x98, 0x1c, 0x19, 0x11, 0x4c, 0x90, 0x8c, 0x09, 0x26, 0x47, 
    0xc6, 0x04, 0x43, 0x1a, 0x4a, 0x60, 0x04, 0xa0, 0x18, 0x8a, 0xa0, 0x24, 
    0xca, 0xa0, 0x10, 0x4a, 0xa1, 0x00, 0x05, 0xca, 0xa1, 0x20, 0x0a, 0xa3, 
    0x40, 0x0a, 0xa5, 0x60, 0x0a, 0xa7, 0x80, 0x0a, 0xa9, 0xa0, 0x0a, 0xab, 
    0xc0, 0x0a, 0xad, 0xe0, 0x0a, 0xaf, 0x00, 0x03, 0x0a, 0x31, 0xa0, 0x20, 
    0x03, 0x0a, 0x33, 0xa0, 0x40, 0x03, 0x0a, 0x35, 0xa0, 0x60, 0x03, 0x0a, 
    0x37, 0xa0, 0x80, 0x03, 0x0a, 0x39, 0xa0, 0xa0, 0x03, 0x0a, 0x3b, 0xa0, 
    0xc0, 0x03, 0x0a, 0x3d, 0xa0, 0xe0, 0x03, 0x0a, 0x3f, 0xa0, 0xa4, 0x03, 
    0x0a, 0xdf, 0xa1, 0x6c, 0x39, 0x8a, 0x3a, 0xa0, 0x38, 0x4a, 0xa3, 0x44, 
    0x88, 0x1b, 0x01, 0xa8, 0x01, 0xa2, 0x0b, 0x10, 0x30, 0x80, 0xde, 0x19, 
    0x00, 0x82, 0x67, 0x00, 0x28, 0x9e, 0x01, 0xa0, 0x79, 0x06, 0x80, 0xda, 
    0x19, 0x00, 0x00, 0x00, 0x79, 0x18, 0x00, 0x00, 0x8d, 0x01, 0x00, 0x00, 
    0x1a, 0x03, 0x4c, 0x90, 0x46, 0x02, 0x13, 0x44, 0x32, 0x20, 0xc3, 0x1b, 
    0x43, 0x81, 0x93, 0x4b, 0xb3, 0x0b, 0xa3, 0x2b, 0x4b, 0x01, 0x89, 0x71, 
    0x89, 0x81, 0x71, 0x81, 0x71, 0xa9, 0x99, 0xb9, 0x99, 0x01, 0x41, 0x19, 
    0xa3, 0x21, 0xc3, 0x31, 0xa3, 0x31, 0xcb, 0xc9, 0x49, 0xd9, 0x10, 0x04, 
    0x13, 0x84, 0xe1, 0x99, 0x20, 0x0c, 0xd0, 0x06, 0x61, 0x20, 0x36, 0x08, 
    0x04, 0x41, 0x61, 0x6c, 0x6e, 0x82, 0x30, 0x44, 0x1b, 0x86, 0x03, 0x21, 
    0x26, 0x08, 0x6d, 0x50, 0x0a, 0x3c, 0xce, 0xa6, 0xde, 0xea, 0xe4, 0xc6, 
    0xca, 0x26, 0x08, 0x83, 0x34, 0x41, 0x18, 0xa6, 0x0d, 0x02, 0xd1, 0x6c, 
    0x48, 0x08, 0x65, 0x21, 0x88, 0x81, 0x21, 0x1c, 0x1a, 0x67, 0x4d, 0x6f, 
    0x64, 0x65, 0x6c, 0x1b, 0x92, 0x41, 0x81, 0x88, 0x61, 0x60, 0x08, 0x87, 
    0xc9, 0xd9, 0x93, 0x5c, 0xda, 0x59, 0x9a, 0x5b, 0x18, 0xdb, 0x86, 0x84, 
    0x51, 0x24, 0x82, 0x19, 0x18, 0xc2, 0x99, 0x20, 0x0c, 0x14, 0x8f, 0xb3, 
    0xa6, 0x37, 0xba, 0xb4, 0x37, 0xb7, 0x0d, 0x09, 0xa5, 0x54, 0x04, 0x35, 
    0x30, 0x84, 0x33, 0x41, 0x18, 0x2a, 0x26, 0x67, 0x45, 0x78, 0x70, 0x6f, 
    0x73, 0x75, 0x72, 0x65, 0x1b, 0x92, 0x4b, 0xc1, 0x88, 0x6b, 0x60, 0x08, 
    0x67, 0x82, 0x30, 0x58, 0x3c, 0xce, 0xa6, 0xe8, 0xc2, 0xce, 0xca, 0xc8, 
    0x36, 0x24, 0x9a, 0xb2, 0x11, 0xda, 0xc0, 0x10, 0xce, 0x06, 0xe3, 0x89, 
    0x26, 0x2b, 0xe3, 0x26, 0x08, 0x6f, 0x10, 0x0a, 0x3c, 0xce, 0xa8, 0xc2, 
    0xe4, 0xce, 0xca, 0xe8, 0x26, 0x08, 0x9c, 0x1f, 0x6c, 0x58, 0x08, 0xef, 
    0x23, 0x88, 0x81, 0x01, 0x03, 0x30, 0x00, 0x03, 0x87, 0xc5, 0xd9, 0x52, 
    0x59, 0x19, 0xdc, 0x86, 0x65, 0xf0, 0xc4, 0x80, 0x18, 0x06, 0x06, 0x0c, 
    0xc0, 0x00, 0x0c, 0x9c, 0x0d, 0x42, 0x18, 0x8c, 0xc1, 0x04, 0x21, 0x0e, 
    0x46, 0x81, 0x06, 0x54, 0x98, 0x5c, 0x58, 0xdb, 0xdc, 0x04, 0x61, 0xb8, 
    0x36, 0x20, 0x44, 0x19, 0x98, 0x01, 0x41, 0x0c, 0x67, 0x00, 0x6c, 0x08, 
    0xd0, 0x60, 0x82, 0x30, 0x07, 0xa4, 0xc0, 0xe3, 0x8c, 0x29, 0xcd, 0xad, 
    0x2c, 0x4c, 0x6e, 0x03, 0x42, 0xa8, 0xc1, 0x1a, 0x10, 0xc4, 0x40, 0x00, 
    0x1b, 0x02, 0x36, 0xd8, 0x40, 0x74, 0x64, 0x90, 0x06, 0x6d, 0x30, 0x41, 
    0x80, 0x03, 0x51, 0x60, 0x71, 0xd6, 0xf4, 0x46, 0x56, 0x36, 0x41, 0x18, 
    0xb0, 0x09, 0x02, 0xf7, 0x07, 0x1b, 0x10, 0x04, 0x0e, 0x28, 0x22, 0x0e, 
    0xb4, 0x46, 0x0e, 0xb8, 0x9c, 0x5d, 0xa1, 0xa5, 0xd1, 0x95, 0x41, 0xbd, 
    0xa5, 0xb9, 0xd1, 0x6d, 0x40, 0x10, 0x3a, 0xa0, 0xae, 0x38, 0x68, 0x1a, 
    0x39, 0xa0, 0x71, 0x76, 0x95, 0x46, 0x46, 0x87, 0x36, 0x41, 0x18, 0xb2, 
    0x0d, 0x08, 0x62, 0x07, 0xd4, 0x1d, 0xc4, 0x81, 0xd6, 0xc8, 0x01, 0x8f, 
    0x33, 0xa4, 0xb2, 0xb4, 0x33, 0x34, 0xba, 0x09, 0xc2, 0xa0, 0x6d, 0x40, 
    0x90, 0x3c, 0xa0, 0xf4, 0x20, 0x0e, 0xb4, 0x46, 0x0e, 0x18, 0x9d, 0x51, 
    0xc9, 0x85, 0xb9, 0xcd, 0x99, 0x95, 0xc9, 0x4d, 0xd1, 0xc9, 0x95, 0xb9, 
    0x9d, 0xd1, 0xa1, 0x4d, 0x10, 0x86, 0x6d, 0x03, 0x82, 0xf0, 0x01, 0xd5, 
    0x07, 0x71, 0xd0, 0x34, 0x72, 0xc0, 0xe7, 0x6c, 0xe8, 0x8d, 0xed, 0xad, 
    0x4e, 0x6e, 0x8a, 0x4e, 0xae, 0xcc, 0xed, 0x8c, 0x0e, 0x6d, 0x82, 0x30, 
    0x70, 0x1b, 0x10, 0xe4, 0x0f, 0x28, 0x50, 0x88, 0x83, 0xa6, 0x91, 0x03, 
    0x2a, 0x67, 0x44, 0x65, 0x62, 0x75, 0x67, 0x56, 0x69, 0x65, 0x77, 0x13, 
    0x84, 0xa1, 0xdb, 0x80, 0x20, 0xa2, 0x40, 0x8d, 0x42, 0x1c, 0x68, 0x8d, 
    0x1c, 0x30, 0x39, 0x6b, 0x0a, 0xc3, 0x93, 0x0a, 0xa3, 0x4b, 0x7b, 0x9b, 
    0x20, 0x0c, 0xde, 0x06, 0x04, 0x29, 0x05, 0xca, 0x14, 0xe2, 0xa0, 0x69, 
    0xe4, 0x80, 0xcc, 0x19, 0x54, 0xd8, 0xdc, 0x1c, 0x1d, 0x9a, 0xdc, 0x5b, 
    0xdd, 0x19, 0xda, 0x04, 0x61, 0xf8, 0x36, 0x20, 0x08, 0x2a, 0x50, 0xa9, 
    0x10, 0x07, 0x5a, 0x23, 0x07, 0x4c, 0xce, 0x9a, 0xec, 0xa6, 0xc6, 0xc2, 
    0xd8, 0xca, 0xb0, 0x26, 0x08, 0x03, 0x18, 0x6c, 0x40, 0x90, 0x55, 0xa0, 
    0x58, 0x21, 0x0e, 0x9a, 0x46, 0x0e, 0x98, 0x9c, 0x35, 0xd9, 0x4d, 0x8d, 
    0x85, 0xb1, 0x95, 0x65, 0x4d, 0x10, 0x86, 0x30, 0xd8, 0x80, 0x20, 0xae, 
    0x40, 0xbd, 0x42, 0x1c, 0x34, 0x8d, 0x1c, 0x70, 0x39, 0x3b, 0xaa, 0x4b, 
    0x23, 0x2b, 0xbb, 0x4a, 0x23, 0xa3, 0x43, 0x9b, 0x20, 0x0c, 0x62, 0xb0, 
    0x01, 0x41, 0x62, 0x81, 0x92, 0x85, 0x38, 0xd0, 0x1a, 0x39, 0x20, 0x73, 
    0x76, 0x54, 0x97, 0x46, 0x56, 0x86, 0x54, 0x96, 0x76, 0x86, 0x46, 0x37, 
    0x41, 0x18, 0xc6, 0x60, 0x03, 0x82, 0xd0, 0x02, 0x55, 0x0b, 0x71, 0xa0, 
    0x35, 0x72, 0x40, 0xe6, 0x6c, 0xe8, 0xad, 0x0d, 0x2e, 0x4c, 0xae, 0xac, 
    0xe9, 0x8d, 0xac, 0x6c, 0x82, 0x30, 0x90, 0xc1, 0x06, 0x04, 0xb9, 0x05, 
    0x0a, 0x17, 0xe2, 0x40, 0x6b, 0xe4, 0x80, 0xcd, 0xd9, 0xd0, 0x5b, 0x1b, 
    0x5c, 0x98, 0x5c, 0xd9, 0x14, 0x1c, 0x5b, 0x1a, 0xdd, 0x04, 0x61, 0x28, 
    0x83, 0x0d, 0x08, 0xa2, 0x0b, 0xd4, 0x2e, 0xc4, 0x41, 0xd3, 0xc8, 0x01, 
    0x99, 0xb3, 0xa1, 0xb7, 0x36, 0xb8, 0x30, 0xb9, 0x32, 0xad, 0xb7, 0xb7, 
    0xb6, 0x09, 0xc2, 0x60, 0x06, 0x1b, 0x10, 0xa4, 0x17, 0x28, 0x5f, 0x88, 
    0x83, 0xa6, 0x91, 0x03, 0x32, 0x67, 0x43, 0x6f, 0x6d, 0x70, 0x61, 0x72, 
    0x65, 0x53, 0x77, 0x61, 0x70, 0x13, 0x84, 0xe1, 0x0c, 0x36, 0x20, 0x08, 
    0x38, 0x50, 0xe1, 0x10, 0x07, 0x5a, 0x23, 0x07, 0x4c, 0xce, 0xa8, 0xe4, 
    0xc2, 0xdc, 0xe6, 0xcc, 0xca, 0xe4, 0x26, 0x08, 0x03, 0x1a, 0x6c, 0x40, 
    0x90, 0x71, 0xa0, 0xc8, 0x21, 0x0e, 0xb4, 0x46, 0x0e, 0xb8, 0x9c, 0x11, 
    0x95, 0x89, 0xd5, 0x9d, 0x4d, 0x8d, 0x85, 0xb1, 0x95, 0x4d, 0x10, 0x86, 
    0x34, 0xd8, 0x80, 0x20, 0xe6, 0x40, 0x9d, 0x43, 0x1c, 0x34, 0x8d, 0x1c, 
    0xf0, 0x39, 0x93, 0x2a, 0xb3, 0x2b, 0x93, 0x9b, 0x4b, 0x13, 0x63, 0x2b, 
    0x6b, 0x7a, 0x23, 0x2b, 0x9b, 0x20, 0x0c, 0x6a, 0xb0, 0x01, 0x41, 0xd2, 
    0x81, 0x52, 0x87, 0x38, 0xd0, 0x1a, 0x39, 0xe0, 0x72, 0x16, 0x04, 0x07, 
    0xc7, 0x96, 0xd7, 0xf4, 0x46, 0x56, 0xc6, 0x36, 0x41, 0x18, 0xd6, 0x60, 
    0x03, 0x82, 0xb0, 0x03, 0xd5, 0x0e, 0x71, 0xa0, 0x35, 0x72, 0x40, 0xe8, 
    0xac, 0x6a, 0xae, 0xec, 0x28, 0xac, 0xad, 0xac, 0x08, 0x0f, 0xee, 0x6d, 
    0xae, 0x4e, 0xae, 0x6c, 0x82, 0x30, 0xb0, 0xc1, 0x06, 0x04, 0x79, 0x07, 
    0x0a, 0x1e, 0xe2, 0x40, 0x6b, 0xe4, 0x80, 0xcf, 0x59, 0x11, 0x1e, 0xdc, 
    0xdb, 0x5c, 0x9d, 0x5c, 0x19, 0x94, 0x5c, 0x59, 0x53, 0x1d, 0xdb, 0x04, 
    0x61, 0x68, 0x83, 0x0d, 0x08, 0x22, 0x0f, 0xd4, 0x3c, 0xc4, 0x41, 0xd3, 
    0xc8, 0x01, 0xa1, 0x33, 0xa9, 0x32, 0x38, 0xb9, 0x37, 0xb5, 0xb2, 0x31, 
    0x3a, 0x23, 0xb9, 0xb0, 0xb6, 0xb2, 0xb9, 0x09, 0xc2, 0xe0, 0x06, 0x1b, 
    0x10, 0xa4, 0x1e, 0x28, 0x7b, 0x88, 0x83, 0xa6, 0x91, 0x03, 0x3a, 0x67, 
    0x52, 0x65, 0x70, 0x72, 0x6f, 0x6a, 0x65, 0x63, 0x74, 0x4d, 0x6f, 0x64, 
    0x65, 0x13, 0x84, 0xe1, 0x0d, 0x36, 0x20, 0x08, 0x3e, 0x50, 0xf9, 0x10, 
    0x07, 0x5a, 0x23, 0x07, 0x84, 0xce, 0xa4, 0xca, 0xe0, 0xe4, 0xde, 0xd4, 
    0xca, 0xc6, 0xe8, 0xae, 0xc2, 0xe4, 0xe0, 0xa0, 0xf0, 0x26, 0x08, 0x03, 
    0x1c, 0x6c, 0x40, 0x90, 0x7d, 0xa0, 0xf8, 0x21, 0x0e, 0x9a, 0x46, 0x0e, 
    0x08, 0x9d, 0x49, 0x95, 0xc1, 0xc9, 0xbd, 0xa9, 0x95, 0x8d, 0xd1, 0x19, 
    0x85, 0x91, 0x95, 0x41, 0xe1, 0x4d, 0x10, 0x86, 0x38, 0xd8, 0x80, 0x20, 
    0xfe, 0x40, 0xfd, 0x43, 0x1c, 0x34, 0x8d, 0x1c, 0x70, 0x39, 0x13, 0x62, 
    0x2b, 0x73, 0x23, 0x0b, 0x62, 0x83, 0x43, 0x0b, 0x9b, 0x20, 0x0c, 0x72, 
    0xb0, 0x01, 0x41, 0x42, 0x82, 0x12, 0x89, 0x38, 0x68, 0x1a, 0x39, 0xe0, 
    0x73, 0x26, 0x55, 0x06, 0x27, 0xf7, 0xa6, 0x56, 0x36, 0x46, 0x17, 0x34, 
    0x36, 0x56, 0xd7, 0x36, 0x41, 0x18, 0xe6, 0x60, 0x03, 0x82, 0x90, 0x04, 
    0x55, 0x12, 0x71, 0xa0, 0x35, 0x72, 0xc0, 0xe5, 0x2c, 0x68, 0x6c, 0xac, 
    0xae, 0x4d, 0xaa, 0x6c, 0xae, 0x8c, 0x6e, 0x82, 0x30, 0xd0, 0xc1, 0x06, 
    0x04, 0x39, 0x09, 0x0a, 0x25, 0xe2, 0x40, 0x6b, 0xe4, 0x80, 0xd1, 0x99, 
    0x54, 0x19, 0x9c, 0xdc, 0x9b, 0x5a, 0xd9, 0x18, 0x1d, 0x95, 0x5c, 0xdd, 
    0x1c, 0x1d, 0x14, 0xde, 0x04, 0x61, 0xa8, 0x83, 0x0d, 0x08, 0xa2, 0x12, 
    0xd4, 0x4a, 0xc4, 0x41, 0xd3, 0xc8, 0x01, 0x9f, 0x33, 0xa9, 0x32, 0x38, 
    0xb9, 0x37, 0xb5, 0xb2, 0x31, 0x3a, 0xa2, 0x32, 0x36, 0xba, 0xb0, 0x09, 
    0xc2, 0x60, 0x07, 0x1b, 0x10, 0xa4, 0x25, 0x28, 0x97, 0x88, 0x03, 0xad, 
    0x91, 0x83, 0x0d, 0x61, 0x70, 0x06, 0x73, 0x50, 0x07, 0x78, 0xb0, 0x07, 
    0x7e, 0x10, 0x0a, 0xa4, 0x70, 0x0a, 0xaa, 0xd0, 0x0a, 0xb0, 0x30, 0x0b, 
    0xb6, 0x90, 0x0b, 0xbc, 0xf0, 0x0b, 0xe2, 0x50, 0x0e, 0xe8, 0xb0, 0x0e, 
    0xee, 0x10, 0x0f, 0xf4, 0x70, 0x0f, 0xfa, 0xd0, 0x0f, 0x20, 0x31, 0x12, 
    0x26, 0x91, 0x12, 0x2c, 0xf1, 0x12, 0x1b, 0x06, 0xe2, 0x0d, 0x60, 0x62, 
    0x82, 0x20, 0x00, 0x1b, 0x80, 0x0d, 0x03, 0x31, 0x13, 0x33, 0xb1, 0x21, 
    0xa0, 0x89, 0x0d, 0xc3, 0x20, 0x13, 0x35, 0x41, 0x63, 0x68, 0xaa, 0x29, 
    0x2c, 0xcd, 0x6d, 0x82, 0x40, 0x07, 0xa0, 0xb0, 0x61, 0xb8, 0x83, 0x3b, 
    0x18, 0x36, 0x10, 0x04, 0x4e, 0x5c, 0x39, 0xb1, 0xa1, 0x90, 0x89, 0x9b, 
    0x00, 0xdc, 0x40, 0x27, 0x88, 0x88, 0xc9, 0x85, 0xb9, 0x8d, 0xa1, 0x95, 
    0xcd, 0x4d, 0x10, 0x86, 0x3b, 0xa0, 0x61, 0xc6, 0xf6, 0x16, 0x46, 0x37, 
    0x37, 0x41, 0x18, 0xf0, 0x80, 0x45, 0x9a, 0xdb, 0x1c, 0xdd, 0xdc, 0x04, 
    0x61, 0xc8, 0x03, 0x12, 0x69, 0x6e, 0x74, 0x73, 0x13, 0x84, 0x41, 0x0f, 
    0x88, 0xd0, 0x95, 0xe1, 0x7d, 0xb1, 0xbd, 0x85, 0x91, 0x4d, 0x10, 0x86, 
    0x3d, 0x20, 0x42, 0x57, 0x86, 0xf7, 0xe5, 0xf6, 0x26, 0xd7, 0x36, 0x41, 
    0x18, 0xf8, 0x80, 0x09, 0x5d, 0x19, 0xde, 0xd7, 0x1c, 0xdd, 0x9b, 0x5c, 
    0xd9, 0x04, 0x61, 0xe8, 0x03, 0x16, 0x75, 0x69, 0x6e, 0x74, 0x73, 0x1b, 
    0x20, 0x9e, 0xe8, 0x09, 0x9f, 0xf8, 0x09, 0xb0, 0x08, 0x0b, 0xb1, 0x18, 
    0x0b, 0xb2, 0x28, 0x0b, 0xb3, 0x38, 0x0b, 0xb4, 0x48, 0x0b, 0xb5, 0x50, 
    0x87, 0x2a, 0x6c, 0x6c, 0x76, 0x6d, 0x2e, 0x69, 0x64, 0x65, 0x6e, 0x74, 
    0x53, 0x82, 0xa0, 0x0a, 0x19, 0x9e, 0x8b, 0x5d, 0x99, 0xdc, 0x5c, 0xda, 
    0x9b, 0xdb, 0x94, 0x80, 0x68, 0x42, 0x86, 0xe7, 0x62, 0x17, 0xc6, 0x66, 
    0x57, 0x26, 0x37, 0x25, 0x28, 0xea, 0x90, 0xe1, 0xb9, 0xcc, 0xa1, 0x85, 
    0x91, 0x95, 0xc9, 0x35, 0xbd, 0x91, 0x95, 0xb1, 0x4d, 0x09, 0x90, 0x32, 
    0x64, 0x78, 0x2e, 0x72, 0x65, 0x73, 0x6f, 0x75, 0x72, 0x63, 0x65, 0x73, 
    0x53, 0x82, 0x36, 0xa8, 0x44, 0x86, 0xe7, 0x42, 0x97, 0x07, 0x57, 0x16, 
    0xe4, 0xe6, 0xf6, 0x46, 0x17, 0x46, 0x97, 0xf6, 0xe6, 0x36, 0x37, 0x45, 
    0x80, 0x89, 0x9a, 0xa8, 0x43, 0x86, 0xe7, 0x52, 0xe6, 0x46, 0x27, 0x97, 
    0x07, 0xf5, 0x96, 0xe6, 0x46, 0x37, 0x37, 0x25, 0xd0, 0x89, 0x2e, 0x64, 
    0x78, 0x2e, 0x63, 0x6f, 0x75, 0x6e, 0x74, 0x65, 0x72, 0x73, 0x53, 0x02, 
    0xb5, 0x00, 0x00, 0x00, 0x79, 0x18, 0x00, 0x00, 0x55, 0x00, 0x00, 0x00, 
    0x33, 0x08, 0x80, 0x1c, 0xc4, 0xe1, 0x1c, 0x66, 0x14, 0x01, 0x3d, 0x88, 
    0x43, 0x38, 0x84, 0xc3, 0x8c, 0x42, 0x80, 0x07, 0x79, 0x78, 0x07, 0x73, 
    0x98, 0x71, 0x0c, 0xe6, 0x00, 0x0f, 0xed, 0x10, 0x0e, 0xf4, 0x80, 0x0e, 
    0x33, 0x0c, 0x42, 0x1e, 0xc2, 0xc1, 0x1d, 0xce, 0xa1, 0x1c, 0x66, 0x30, 
    0x05, 0x3d, 0x88, 0x43, 0x38, 0x84, 0x83, 0x1b, 0xcc, 0x03, 0x3d, 0xc8, 
    0x43, 0x3d, 0x8c, 0x03, 0x3d, 0xcc, 0x78, 0x8c, 0x74, 0x70, 0x07, 0x7b, 
    0x08, 0x07, 0x79, 0x48, 0x87, 0x70, 0x70, 0x07, 0x7a, 0x70, 0x03, 0x76, 
    0x78, 0x87, 0x70, 0x20, 0x87, 0x19, 0xcc, 0x11, 0x0e, 0xec, 0x90, 0x0e, 
    0xe1, 0x30, 0x0f, 0x6e, 0x30, 0x0f, 0xe3, 0xf0, 0x0e, 0xf0, 0x50, 0x0e, 
    0x33, 0x10, 0xc4, 0x1d, 0xde, 0x21, 0x1c, 0xd8, 0x21, 0x1d, 0xc2, 0x61, 
    0x1e, 0x66, 0x30, 0x89, 0x3b, 0xbc, 0x83, 0x3b, 0xd0, 0x43, 0x39, 0xb4, 
    0x03, 0x3c, 0xbc, 0x83, 0x3c, 0x84, 0x03, 0x3b, 0xcc, 0xf0, 0x14, 0x76, 
    0x60, 0x07, 0x7b, 0x68, 0x07, 0x37, 0x68, 0x87, 0x72, 0x68, 0x07, 0x37, 
    0x80, 0x87, 0x70, 0x90, 0x87, 0x70, 0x60, 0x07, 0x76, 0x28, 0x07, 0x76, 
    0xf8, 0x05, 0x76, 0x78, 0x87, 0x77, 0x80, 0x87, 0x5f, 0x08, 0x87, 0x71, 
    0x18, 0x87, 0x72, 0x98, 0x87, 0x79, 0x98, 0x81, 0x2c, 0xee, 0xf0, 0x0e, 
    0xee, 0xe0, 0x0e, 0xf5, 0xc0, 0x0e, 0xec, 0x30, 0x03, 0x62, 0xc8, 0xa1, 
    0x1c, 0xe4, 0xa1, 0x1c, 0xcc, 0xa1, 0x1c, 0xe4, 0xa1, 0x1c, 0xdc, 0x61, 
    0x1c, 0xca, 0x21, 0x1c, 0xc4, 0x81, 0x1d, 0xca, 0x61, 0x06, 0xd6, 0x90, 
    0x43, 0x39, 0xc8, 0x43, 0x39, 0x98, 0x43, 0x39, 0xc8, 0x43, 0x39, 0xb8, 
    0xc3, 0x38, 0x94, 0x43, 0x38, 0x88, 0x03, 0x3b, 0x94, 0xc3, 0x2f, 0xbc, 
    0x83, 0x3c, 0xfc, 0x82, 0x3b, 0xd4, 0x03, 0x3b, 0xb0, 0xc3, 0x0c, 0xc4, 
    0x21, 0x07, 0x7c, 0x70, 0x03, 0x7a, 0x28, 0x87, 0x76, 0x80, 0x87, 0x19, 
    0xca, 0xc3, 0x0e, 0xec, 0x60, 0x0f, 0xed, 0xe0, 0x06, 0xec, 0xf0, 0x0e, 
    0xef, 0x00, 0x0f, 0x33, 0x22, 0x88, 0x1c, 0xf0, 0xc1, 0x0d, 0xc8, 0x41, 
    0x1c, 0xce, 0xc1, 0x0d, 0xec, 0x21, 0x1c, 0xe4, 0x81, 0x1d, 0xc2, 0x21, 
    0x1f, 0xde, 0xa1, 0x1e, 0xe8, 0x61, 0x06, 0x13, 0x91, 0x03, 0x3e, 0xb8, 
    0x81, 0x38, 0xc8, 0x43, 0x39, 0x84, 0xc3, 0x3a, 0xb8, 0x81, 0x38, 0xc8, 
    0x03, 0x00, 0x00, 0x00, 0x71, 0x20, 0x00, 0x00, 0x3e, 0x00, 0x00, 0x00, 
    0x06, 0x60, 0x70, 0xac, 0x09, 0x20, 0x8d, 0x21, 0x40, 0xc3, 0xe5, 0x3b, 
    0x8f, 0x1f, 0x20, 0x0d, 0x10, 0x61, 0x7e, 0x71, 0xdb, 0x76, 0x00, 0x0d, 
    0x97, 0xef, 0x3c, 0x7e, 0x80, 0x34, 0x40, 0x84, 0xf9, 0xc8, 0x6d, 0xdb, 
    0xc2, 0x36, 0x5c, 0xbe, 0xf3, 0xf8, 0x42, 0x40, 0x15, 0x05, 0x11, 0x95, 
    0x0e, 0x30, 0x94, 0x84, 0x01, 0x08, 0x98, 0x5f, 0xdc, 0xb6, 0x31, 0x6c, 
    0xc3, 0xe5, 0x3b, 0x8f, 0x2f, 0x04, 0x54, 0x51, 0x10, 0x51, 0xe9, 0x00, 
    0x43, 0x49, 0x18, 0x80, 0x80, 0xf9, 0xc8, 0x6d, 0x9b, 0x83, 0x34, 0x5c, 
    0xbe, 0xf3, 0xf8, 0x42, 0x44, 0x00, 0x13, 0x11, 0x02, 0xcd, 0xb0, 0x10, 
    0x96, 0xe0, 0x0c, 0x97, 0xef, 0x3c, 0xfe, 0xe0, 0x4c, 0xb7, 0x5f, 0xdc, 
    0xb6, 0x19, 0x4c, 0xc3, 0xe5, 0x3b, 0x8f, 0x6f, 0x10, 0x53, 0x87, 0x30, 
    0x44, 0x23, 0x21, 0x4e, 0x23, 0x99, 0x02, 0x36, 0x5c, 0xbe, 0xf3, 0xf8, 
    0x88, 0xc4, 0x3e, 0x84, 0x80, 0x00, 0xcb, 0xb7, 0x38, 0xc0, 0xe4, 0x17, 
    0xb7, 0x6d, 0x02, 0xd5, 0x70, 0xf9, 0xce, 0xe3, 0x4b, 0x00, 0xf3, 0x2c, 
    0x44, 0x49, 0x54, 0xc4, 0xe2, 0x17, 0xb7, 0x6d, 0x0d, 0xd2, 0x70, 0xf9, 
    0xce, 0xe3, 0x4f, 0x44, 0x34, 0x21, 0x40, 0x84, 0xf9, 0xc5, 0x6d, 0xdb, 
    0x40, 0x35, 0x5c, 0xbe, 0xf3, 0xf8, 0x13, 0x71, 0x4d, 0x54, 0x44, 0x94, 
    0x0e, 0x30, 0xf8, 0xc5, 0x6d, 0x1b, 0x81, 0x35, 0x5c, 0xbe, 0xf3, 0xf8, 
    0x13, 0x71, 0x4d, 0x54, 0x44, 0xb0, 0x93, 0x13, 0x11, 0x7e, 0x71, 0xdb, 
    0x16, 0x20, 0x0d, 0x97, 0xef, 0x3c, 0xfe, 0x74, 0x44, 0x04, 0x30, 0x88, 
    0x83, 0x8f, 0xdc, 0xb6, 0x15, 0x3c, 0xc3, 0xe5, 0x3b, 0x8f, 0x4f, 0x35, 
    0x40, 0x84, 0xf9, 0xc5, 0x6d, 0x03, 0x00, 0x00, 0x00, 0x00, 0x00, 0x00, 
    0x48, 0x41, 0x53, 0x48, 0x14, 0x00, 0x00, 0x00, 0x00, 0x00, 0x00, 0x00, 
    0x1e, 0xe6, 0xaa, 0x9a, 0xac, 0x40, 0xaa, 0x22, 0x93, 0x70, 0x75, 0x78, 
    0x8a, 0xe4, 0x72, 0x98, 0x44, 0x58, 0x49, 0x4c, 0xd4, 0x3c, 0x00, 0x00, 
    0x60, 0x00, 0x05, 0x00, 0x35, 0x0f, 0x00, 0x00, 0x44, 0x58, 0x49, 0x4c, 
    0x00, 0x01, 0x00, 0x00, 0x10, 0x00, 0x00, 0x00, 0xbc, 0x3c, 0x00, 0x00, 
    0x42, 0x43, 0xc0, 0xde, 0x21, 0x0c, 0x00, 0x00, 0x2c, 0x0f, 0x00, 0x00, 
    0x0b, 0x82, 0x20, 0x00, 0x02, 0x00, 0x00, 0x00, 0x13, 0x00, 0x00, 0x00, 
    0x07, 0x81, 0x23, 0x91, 0x41, 0xc8, 0x04, 0x49, 0x06, 0x10, 0x32, 0x39, 
    0x92, 0x01, 0x84, 0x0c, 0x25, 0x05, 0x08, 0x19, 0x1e, 0x04, 0x8b, 0x62, 
    0x80, 0x18, 0x45, 0x02, 0x42, 0x92, 0x0b, 0x42, 0xc4, 0x10, 0x32, 0x14, 
    0x38, 0x08, 0x18, 0x4b, 0x0a, 0x32, 0x62, 0x88, 0x48, 0x90, 0x14, 0x20, 
    0x43, 0x46, 0x88, 0xa5, 0x00, 0x19, 0x32, 0x42, 0xe4, 0x48, 0x0e, 0x90, 
    0x11, 0x23, 0xc4, 0x50, 0x41, 0x51, 0x81, 0x8c, 0xe1, 0x83, 0xe5, 0x8a, 
    0x04, 0x31, 0x46, 0x06, 0x51, 0x18, 0x00, 0x00, 0x08, 0x00, 0x00, 0x00, 
    0x1b, 0x8c, 0xe0, 0xff, 0xff, 0xff, 0xff, 0x07, 0x40, 0x02, 0xa8, 0x0d, 
    0x86, 0xf0, 0xff, 0xff, 0xff, 0xff, 0x03, 0x20, 0x01, 0xd5, 0x06, 0x62, 
    0xf8, 0xff, 0xff, 0xff, 0xff, 0x01, 0x90, 0x00, 0x49, 0x18, 0x00, 0x00, 
    0x03, 0x00, 0x00, 0x00, 0x13, 0x82, 0x60, 0x42, 0x20, 0x4c, 0x08, 0x06, 
    0x00, 0x00, 0x00, 0x00, 0x89, 0x20, 0x00, 0x00, 0x7d, 0x00, 0x00, 0x00, 
    0x32, 0x22, 0x88, 0x09, 0x20, 0x64, 0x85, 0x04, 0x13, 0x23, 0xa4, 0x84, 
    0x04, 0x13, 0x23, 0xe3, 0x84, 0xa1, 0x90, 0x14, 0x12, 0x4c, 0x8c, 0x8c, 
    0x0b, 0x84, 0xc4, 0x4c, 0x10, 0xd8, 0xc1, 0x08, 0x40, 0x09, 0x00, 0x0a, 
    0xe6, 0x08, 0xc0, 0xa0, 0x0c, 0xc3, 0x30, 0x10, 0x31, 0x03, 0x70, 0xd3, 
    0x70, 0xf9, 0x13, 0xf6, 0x10, 0x92, 0xbf, 0x12, 0xd2, 0x4a, 0x4c, 0x7e, 
    0x71, 0xdb, 0xa8, 0x30, 0x0c, 0xc3, 0x18, 0xe6, 0x08, 0x10, 0x42, 0xee, 
    0x19, 0x2e, 0x7f, 0xc2, 0x1e, 0x42, 0xf2, 0x43, 0xa0, 0x19, 0x16, 0x02, 
    0x05, 0x49, 0x61, 0x8e, 0x41, 0x51, 0x0c, 0xc3, 0x30, 0x86, 0x61, 0x30, 
    0x68, 0x29, 0xca, 0x31, 0x28, 0xc3, 0x30, 0x0c, 0xc3, 0x30, 0x50, 0x53, 
    0x16, 0x60, 0x50, 0x86, 0x61, 0x30, 0x0c, 0xc3, 0x40, 0xe8, 0x29, 0x83, 
    0x31, 0x18, 0x14, 0xdd, 0x34, 0x5c, 0xfe, 0x84, 0x3d, 0x84, 0xe4, 0x77, 
    0x08, 0x43, 0x34, 0x12, 0xe2, 0x34, 0x12, 0x22, 0x86, 0x61, 0x18, 0x0a, 
    0x31, 0x0d, 0xca, 0x40, 0x54, 0x21, 0x86, 0x61, 0x18, 0xc8, 0x2a, 0x84, 
    0x31, 0x18, 0x06, 0x61, 0x05, 0x31, 0x06, 0xc3, 0x30, 0x0c, 0xc3, 0x20, 
    0x6d, 0x8e, 0x20, 0x28, 0x03, 0x37, 0x18, 0xd4, 0x1d, 0x35, 0x5c, 0xfe, 
    0x84, 0x3d, 0x84, 0xe4, 0x73, 0x1b, 0x55, 0xac, 0xc4, 0xe4, 0x17, 0xb7, 
    0x8d, 0x08, 0xc3, 0x30, 0x8c, 0x42, 0x7c, 0x83, 0x32, 0x10, 0x78, 0xd4, 
    0x70, 0xf9, 0x13, 0xf6, 0x10, 0x92, 0xcf, 0x6d, 0x54, 0xb1, 0x12, 0x93, 
    0x8f, 0xdc, 0x36, 0x22, 0x86, 0x61, 0x18, 0x0a, 0x21, 0x0e, 0xca, 0x40, 
    0x63, 0x29, 0x8c, 0xc1, 0x30, 0x0c, 0x2a, 0x8b, 0xa1, 0x0c, 0xc8, 0x30, 
    0x70, 0x74, 0x0e, 0x04, 0x0c, 0x23, 0x10, 0xc6, 0x4c, 0x6d, 0x30, 0x0e, 
    0xec, 0x10, 0x0e, 0xf3, 0x30, 0x0f, 0x6e, 0x40, 0x0b, 0xe5, 0x80, 0x0f, 
    0xf4, 0x50, 0x0f, 0xf2, 0x50, 0x0e, 0x72, 0x40, 0x0a, 0x7c, 0x60, 0x0f, 
    0xe5, 0x30, 0x0e, 0xf4, 0xf0, 0x0e, 0xf2, 0xc0, 0x07, 0xe6, 0xc0, 0x0e, 
    0xef, 0x10, 0x0e, 0xf4, 0xc0, 0x06, 0x60, 0x40, 0x07, 0x7e, 0x00, 0x06, 
    0x7e, 0xa0, 0x07, 0x7a, 0xd0, 0x0e, 0xe9, 0x00, 0x0f, 0xf3, 0xf0, 0x0b, 
    0xf4, 0x90, 0x0f, 0xf0, 0x50, 0x0e, 0x28, 0x18, 0x66, 0x12, 0x83, 0x71, 
    0x60, 0x87, 0x70, 0x98, 0x87, 0x79, 0x70, 0x03, 0x5a, 0x28, 0x07, 0x7c, 
    0xa0, 0x87, 0x7a, 0x90, 0x87, 0x72, 0x90, 0x03, 0x52, 0xe0, 0x03, 0x7b, 
    0x28, 0x87, 0x71, 0xa0, 0x87, 0x77, 0x90, 0x07, 0x3e, 0x30, 0x07, 0x76, 
    0x78, 0x87, 0x70, 0xa0, 0x07, 0x36, 0x00, 0x03, 0x3a, 0xf0, 0x03, 0x30, 
    0xf0, 0x03, 0x24, 0xa8, 0x2b, 0xb1, 0x33, 0x91, 0xc1, 0x38, 0xb0, 0x43, 
    0x38, 0xcc, 0xc3, 0x3c, 0xb8, 0x81, 0x2c, 0xdc, 0x02, 0x2d, 0x94, 0x03, 
    0x3e, 0xd0, 0x43, 0x3d, 0xc8, 0x43, 0x39, 0xc8, 0x01, 0x29, 0xf0, 0x81, 
    0x3d, 0x94, 0xc3, 0x38, 0xd0, 0xc3, 0x3b, 0xc8, 0x03, 0x1f, 0x98, 0x03, 
    0x3b, 0xbc, 0x43, 0x38, 0xd0, 0x03, 0x1b, 0x80, 0x01, 0x1d, 0xf8, 0x01, 
    0x18, 0xf8, 0x01, 0x0a, 0x54, 0x72, 0xcf, 0x48, 0x81, 0x08, 0x60, 0x24, 
    0x04, 0x06, 0x83, 0x31, 0x0c, 0x86, 0x31, 0x18, 0x83, 0x61, 0x0c, 0xc3, 
    0x60, 0x18, 0xc3, 0x60, 0x0c, 0xc3, 0x60, 0x18, 0x83, 0x61, 0x18, 0xc3, 
    0x60, 0x0c, 0x04, 0xdf, 0x24, 0x4d, 0x11, 0x25, 0x4c, 0x3e, 0x0b, 0x30, 
    0xcf, 0x42, 0x44, 0xec, 0x04, 0x4c, 0x04, 0x0a, 0x06, 0x92, 0xe7, 0x08, 
    0x40, 0x61, 0x0a, 0x00, 0x00, 0x00, 0x00, 0x00, 0x13, 0x14, 0x72, 0xc0, 
    0x87, 0x74, 0x60, 0x87, 0x36, 0x68, 0x87, 0x79, 0x68, 0x03, 0x72, 0xc0, 
    0x87, 0x0d, 0xaf, 0x50, 0x0e, 0x6d, 0xd0, 0x0e, 0x7a, 0x50, 0x0e, 0x6d, 
    0x00, 0x0f, 0x7a, 0x30, 0x07, 0x72, 0xa0, 0x07, 0x73, 0x20, 0x07, 0x6d, 
    0x90, 0x0e, 0x71, 0xa0, 0x07, 0x73, 0x20, 0x07, 0x6d, 0x90, 0x0e, 0x78, 
    0xa0, 0x07, 0x73, 0x20, 0x07, 0x6d, 0x90, 0x0e, 0x71, 0x60, 0x07, 0x7a, 
    0x30, 0x07, 0x72, 0xd0, 0x06, 0xe9, 0x30, 0x07, 0x72, 0xa0, 0x07, 0x73, 
    0x20, 0x07, 0x6d, 0x90, 0x0e, 0x76, 0x40, 0x07, 0x7a, 0x60, 0x07, 0x74, 
    0xd0, 0x06, 0xe6, 0x10, 0x07, 0x76, 0xa0, 0x07, 0x73, 0x20, 0x07, 0x6d, 
    0x60, 0x0e, 0x73, 0x20, 0x07, 0x7a, 0x30, 0x07, 0x72, 0xd0, 0x06, 0xe6, 
    0x60, 0x07, 0x74, 0xa0, 0x07, 0x76, 0x40, 0x07, 0x6d, 0xe0, 0x0e, 0x78, 
    0xa0, 0x07, 0x71, 0x60, 0x07, 0x7a, 0x30, 0x07, 0x72, 0xa0, 0x07, 0x76, 
    0x40, 0x07, 0x43, 0x9e, 0x00, 0x00, 0x00, 0x00, 0x00, 0x00, 0x00, 0x00, 
    0x00, 0x00, 0x00, 0x86, 0x3c, 0x04, 0x10, 0x00, 0x01, 0x00, 0x00, 0x00, 
    0x00, 0x00, 0x00, 0x00, 0x0c, 0x79, 0x16, 0x20, 0x00, 0x04, 0x00, 0x00, 
    0x00, 0x00, 0x00, 0x00, 0x00, 0x18, 0xf2, 0x34, 0x40, 0x00, 0x08, 0x00, 
    0x00, 0x00, 0x00, 0x00, 0x00, 0x00, 0x30, 0xe4, 0x79, 0x80, 0x00, 0x18, 
    0x00, 0x00, 0x00, 0x00, 0x00, 0x00, 0x00, 0x60, 0xc8, 0x13, 0x01, 0x01, 
    0x10, 0x00, 0x00, 0x00, 0x00, 0x00, 0x00, 0x00, 0xc0, 0x90, 0x87, 0x02, 
    0x02, 0x40, 0x00, 0x00, 0x00, 0x00, 0x00, 0x00, 0x00, 0x80, 0x21, 0x8f, 
    0x05, 0x04, 0x40, 0x00, 0x00, 0x00, 0x00, 0x00, 0x00, 0x00, 0x00, 0x43, 
    0x1e, 0x0c, 0x08, 0x80, 0x00, 0x00, 0x00, 0x00, 0x00, 0x00, 0x00, 0x00, 
    0x86, 0x3c, 0x1a, 0x10, 0x00, 0x01, 0x00, 0x00, 0x00, 0x00, 0x00, 0x00, 
    0x00, 0x0c, 0x79, 0x3a, 0x20, 0x00, 0x02, 0x00, 0x00, 0x00, 0x00, 0x00, 
    0x00, 0x00, 0x18, 0xf2, 0x80, 0x01, 0x10, 0x00, 0x02, 0x00, 0x00, 0x00, 
    0x00, 0x00, 0x00, 0x00, 0x0c, 0x79, 0xc6, 0x00, 0x08, 0x00, 0x01, 0x00, 
    0x00, 0x00, 0x00, 0x00, 0x00, 0x00, 0x86, 0x3c, 0x65, 0x00, 0x04, 0x40, 
    0x00, 0x00, 0x00, 0x00, 0x00, 0x00, 0x00, 0x00, 0x43, 0x9e, 0x33, 0x00, 
    0x02, 0x40, 0x00, 0x00, 0x00, 0x00, 0x00, 0x00, 0x00, 0x80, 0x2c, 0x10, 
    0x0e, 0x00, 0x00, 0x00, 0x32, 0x1e, 0x98, 0x14, 0x19, 0x11, 0x4c, 0x90, 
    0x8c, 0x09, 0x26, 0x47, 0xc6, 0x04, 0x43, 0x1a, 0x4a, 0x60, 0x04, 0xa0, 
    0x24, 0x8a, 0xa1, 0x08, 0xca, 0xa0, 0x10, 0x4a, 0xa1, 0x00, 0x05, 0x0a, 
    0x82, 0xb8, 0x11, 0x00, 0xa2, 0x0b, 0x10, 0x30, 0x80, 0xde, 0x19, 0x00, 
    0x8a, 0x67, 0x00, 0x68, 0x9e, 0x01, 0xa0, 0x76, 0x06, 0x00, 0x00, 0x00, 
    0x79, 0x18, 0x00, 0x00, 0x5b, 0x00, 0x00, 0x00, 0x1a, 0x03, 0x4c, 0x90, 
    0x46, 0x02, 0x13, 0x44, 0x32, 0x20, 0xc3, 0x1b, 0x43, 0x81, 0x93, 0x4b, 
    0xb3, 0x0b, 0xa3, 0x2b, 0x4b, 0x01, 0x89, 0x71, 0x89, 0x81, 0x71, 0x81, 
    0x71, 0xa9, 0x99, 0xb9, 0x99, 0x01, 0x41, 0x19, 0xa3, 0x21, 0xc3, 0x31, 
    0xa3, 0x31, 0xcb, 0xc9, 0x49, 0xd9, 0x10, 0x04, 0x13, 0x84, 0xe1, 0x99, 
    0x20, 0x0c, 0xd0, 0x06, 0x61, 0x20, 0x26, 0x08, 0x43, 0xb4, 0x41, 0x18, 
    0x0c, 0x0a, 0x63, 0x73, 0x13, 0x84, 0x41, 0xda, 0x30, 0x20, 0x09, 0x31, 
    0x41, 0x68, 0x03, 0x8f, 0xc0, 0x04, 0x61, 0x98, 0x36, 0x08, 0x84, 0xb1, 
    0x21, 0x21, 0x16, 0x86, 0x20, 0x86, 0x86, 0x70, 0x36, 0x24, 0xc3, 0xc2, 
    0x10, 0xc3, 0xd0, 0x10, 0xce, 0x86, 0xa4, 0x59, 0x18, 0xa2, 0x19, 0x1a, 
    0xc2, 0x99, 0x20, 0x0c, 0xd4, 0x86, 0x44, 0x5a, 0x18, 0x42, 0x1a, 0x1a, 
    0xc2, 0x99, 0x20, 0x0c, 0xd5, 0x86, 0x84, 0x5a, 0x18, 0x82, 0x1a, 0x1a, 
    0xc2, 0x99, 0x20, 0x0c, 0xd6, 0x86, 0xc4, 0x5a, 0x18, 0xc2, 0x1a, 0x1a, 
    0xc2, 0xd9, 0x60, 0x3c, 0x50, 0x34, 0x55, 0xd7, 0x04, 0xe1, 0x0d, 0xb6, 
    0x09, 0x02, 0x97, 0x6d, 0x58, 0x88, 0x8c, 0x21, 0x88, 0xa1, 0xd1, 0x34, 
    0xcd, 0xd9, 0xb0, 0x0c, 0x19, 0x43, 0x0c, 0x43, 0xa3, 0x69, 0x9a, 0xb3, 
    0x41, 0xd8, 0xb8, 0x09, 0x42, 0x1c, 0x70, 0x13, 0x84, 0xe1, 0xda, 0x80, 
    0x10, 0x1e, 0x43, 0x10, 0xc3, 0x07, 0x6c, 0x08, 0xc0, 0x60, 0x82, 0x30, 
    0x07, 0xdd, 0x06, 0x84, 0x10, 0x03, 0x86, 0x20, 0x06, 0x02, 0xd8, 0x10, 
    0x8c, 0xc1, 0x06, 0x02, 0xeb, 0xc2, 0x80, 0x0c, 0x26, 0x08, 0x02, 0x40, 
    0x63, 0x68, 0xaa, 0x29, 0x2c, 0xcd, 0x6d, 0x82, 0x40, 0x07, 0xda, 0x04, 
    0x61, 0xc0, 0x36, 0x0c, 0x69, 0x90, 0x06, 0xc3, 0x06, 0x82, 0x40, 0x03, 
    0x4a, 0x0d, 0x36, 0x14, 0x66, 0x70, 0x06, 0x40, 0x19, 0xac, 0x41, 0x15, 
    0x36, 0x36, 0xbb, 0x36, 0x97, 0x34, 0xb2, 0x32, 0x37, 0xba, 0x29, 0x41, 
    0x50, 0x85, 0x0c, 0xcf, 0xc5, 0xae, 0x4c, 0x6e, 0x2e, 0xed, 0xcd, 0x6d, 
    0x4a, 0x40, 0x34, 0x21, 0xc3, 0x73, 0xb1, 0x0b, 0x63, 0xb3, 0x2b, 0x93, 
    0x9b, 0x12, 0x18, 0x75, 0xc8, 0xf0, 0x5c, 0xe6, 0xd0, 0xc2, 0xc8, 0xca, 
    0xe4, 0x9a, 0xde, 0xc8, 0xca, 0xd8, 0xa6, 0x04, 0x49, 0x19, 0x32, 0x3c, 
    0x17, 0xb9, 0xb2, 0xb9, 0xb7, 0x3a, 0xb9, 0xb1, 0xb2, 0xb9, 0x29, 0x01, 
    0x19, 0xd4, 0x21, 0xc3, 0x73, 0x29, 0x73, 0xa3, 0x93, 0xcb, 0x83, 0x7a, 
    0x4b, 0x73, 0xa3, 0x9b, 0x9b, 0x12, 0xac, 0x01, 0x00, 0x00, 0x00, 0x00, 
    0x79, 0x18, 0x00, 0x00, 0x55, 0x00, 0x00, 0x00, 0x33, 0x08, 0x80, 0x1c, 
    0xc4, 0xe1, 0x1c, 0x66, 0x14, 0x01, 0x3d, 0x88, 0x43, 0x38, 0x84, 0xc3, 
    0x8c, 0x42, 0x80, 0x07, 0x79, 0x78, 0x07, 0x73, 0x98, 0x71, 0x0c, 0xe6, 
    0x00, 0x0f, 0xed, 0x10, 0x0e, 0xf4, 0x80, 0x0e, 0x33, 0x0c, 0x42, 0x1e, 
    0xc2, 0xc1, 0x1d, 0xce, 0xa1, 0x1c, 0x66, 0x30, 0x05, 0x3d, 0x88, 0x43, 
    0x38, 0x84, 0x83, 0x1b, 0xcc, 0x03, 0x3d, 0xc8, 0x43, 0x3d, 0x8c, 0x03, 
    0x3d, 0xcc, 0x78, 0x8c, 0x74, 0x70, 0x07, 0x7b, 0x08, 0x07, 0x79, 0x48, 
    0x87, 0x70, 0x70, 0x07, 0x7a, 0x70, 0x03, 0x76, 0x78, 0x87, 0x70, 0x20, 
    0x87, 0x19, 0xcc, 0x11, 0x0e, 0xec, 0x90, 0x0e, 0xe1, 0x30, 0x0f, 0x6e, 
    0x30, 0x0f, 0xe3, 0xf0, 0x0e, 0xf0, 0x50, 0x0e, 0x33, 0x10, 0xc4, 0x1d, 
    0xde, 0x21, 0x1c, 0xd8, 0x21, 0x1d, 0xc2, 0x61, 0x1e, 0x66, 0x30, 0x89, 
    0x3b, 0xbc, 0x83, 0x3b, 0xd0, 0x43, 0x39, 0xb4, 0x03, 0x3c, 0xbc, 0x83, 
    0x3c, 0x84, 0x03, 0x3b, 0xcc, 0xf0, 0x14, 0x76, 0x60, 0x07, 0x7b, 0x68, 
    0x07, 0x37, 0x68, 0x87, 0x72, 0x68, 0x07, 0x37, 0x80, 0x87, 0x70, 0x90, 
    0x87, 0x70, 0x60, 0x07, 0x76, 0x28, 0x07, 0x76, 0xf8, 0x05, 0x76, 0x78, 
    0x87, 0x77, 0x80, 0x87, 0x5f, 0x08, 0x87, 0x71, 0x18, 0x87, 0x72, 0x98, 
    0x87, 0x79, 0x98, 0x81, 0x2c, 0xee, 0xf0, 0x0e, 0xee, 0xe0, 0x0e, 0xf5, 
    0xc0, 0x0e, 0xec, 0x30, 0x03, 0x62, 0xc8, 0xa1, 0x1c, 0xe4, 0xa1, 0x1c, 
    0xcc, 0xa1, 0x1c, 0xe4, 0xa1, 0x1c, 0xdc, 0x61, 0x1c, 0xca, 0x21, 0x1c, 
    0xc4, 0x81, 0x1d, 0xca, 0x61, 0x06, 0xd6, 0x90, 0x43, 0x39, 0xc8, 0x43, 
    0x39, 0x98, 0x43, 0x39, 0xc8, 0x43, 0x39, 0xb8, 0xc3, 0x38, 0x94, 0x43, 
    0x38, 0x88, 0x03, 0x3b, 0x94, 0xc3, 0x2f, 0xbc, 0x83, 0x3c, 0xfc, 0x82, 
    0x3b, 0xd4, 0x03, 0x3b, 0xb0, 0xc3, 0x0c, 0xc4, 0x21, 0x07, 0x7c, 0x70, 
    0x03, 0x7a, 0x28, 0x87, 0x76, 0x80, 0x87, 0x19, 0xca, 0xc3, 0x0e, 0xec, 
    0x60, 0x0f, 0xed, 0xe0, 0x06, 0xec, 0xf0, 0x0e, 0xef, 0x00, 0x0f, 0x33, 
    0x22, 0x88, 0x1c, 0xf0, 0xc1, 0x0d, 0xc8, 0x41, 0x1c, 0xce, 0xc1, 0x0d, 
    0xec, 0x21, 0x1c, 0xe4, 0x81, 0x1d, 0xc2, 0x21, 0x1f, 0xde, 0xa1, 0x1e, 
    0xe8, 0x61, 0x06, 0x13, 0x91, 0x03, 0x3e, 0xb8, 0x81, 0x38, 0xc8, 0x43, 
    0x39, 0x84, 0xc3, 0x3a, 0xb8, 0x81, 0x38, 0xc8, 0x03, 0x00, 0x00, 0x00, 
    0x71, 0x20, 0x00, 0x00, 0x3e, 0x00, 0x00, 0x00, 0x06, 0x60, 0x70, 0xac, 
    0x09, 0x20, 0x8d, 0x21, 0x40, 0xc3, 0xe5, 0x3b, 0x8f, 0x1f, 0x20, 0x0d, 
    0x10, 0x61, 0x7e, 0x71, 0xdb, 0x76, 0x00, 0x0d, 0x97, 0xef, 0x3c, 0x7e, 
    0x80, 0x34, 0x40, 0x84, 0xf9, 0xc8, 0x6d, 0xdb, 0xc2, 0x36, 0x5c, 0xbe, 
    0xf3, 0xf8, 0x42, 0x40, 0x15, 0x05, 0x11, 0x95, 0x0e, 0x30, 0x94, 0x84, 
    0x01, 0x08, 0x98, 0x5f, 0xdc, 0xb6, 0x31, 0x6c, 0xc3, 0xe5, 0x3b, 0x8f, 
    0x2f, 0x04, 0x54, 0x51, 0x10, 0x51, 0xe9, 0x00, 0x43, 0x49, 0x18, 0x80, 
    0x80, 0xf9, 0xc8, 0x6d, 0x9b, 0x83, 0x34, 0x5c, 0xbe, 0xf3, 0xf8, 0x42, 
    0x44, 0x00, 0x13, 0x11, 0x02, 0xcd, 0xb0, 0x10, 0x96, 0xe0, 0x0c, 0x97, 
    0xef, 0x3c, 0xfe, 0xe0, 0x4c, 0xb7, 0x5f, 0xdc, 0xb6, 0x19, 0x4c, 0xc3, 
    0xe5, 0x3b, 0x8f, 0x6f, 0x10, 0x53, 0x87, 0x30, 0x44, 0x23, 0x21, 0x4e, 
    0x23, 0x99, 0x02, 0x36, 0x5c, 0xbe, 0xf3, 0xf8, 0x88, 0xc4, 0x3e, 0x84, 
    0x80, 0x00, 0xcb, 0xb7, 0x38, 0xc0, 0xe4, 0x17, 0xb7, 0x6d, 0x02, 0xd5, 
    0x70, 0xf9, 0xce, 0xe3, 0x4b, 0x00, 0xf3, 0x2c, 0x44, 0x49, 0x54, 0xc4, 
    0xe2, 0x17, 0xb7, 0x6d, 0x0d, 0xd2, 0x70, 0xf9, 0xce, 0xe3, 0x4f, 0x44, 
    0x34, 0x21, 0x40, 0x84, 0xf9, 0xc5, 0x6d, 0xdb, 0x40, 0x35, 0x5c, 0xbe, 
    0xf3, 0xf8, 0x13, 0x71, 0x4d, 0x54, 0x44, 0x94, 0x0e, 0x30, 0xf8, 0xc5, 
    0x6d, 0x1b, 0x81, 0x35, 0x5c, 0xbe, 0xf3, 0xf8, 0x13, 0x71, 0x4d, 0x54, 
    0x44, 0xb0, 0x93, 0x13, 0x11, 0x7e, 0x71, 0xdb, 0x16, 0x20, 0x0d, 0x97, 
    0xef, 0x3c, 0xfe, 0x74, 0x44, 0x04, 0x30, 0x88, 0x83, 0x8f, 0xdc, 0xb6, 
    0x15, 0x3c, 0xc3, 0xe5, 0x3b, 0x8f, 0x4f, 0x35, 0x40, 0x84, 0xf9, 0xc5, 
    0x6d, 0x03, 0x00, 0x00, 0x61, 0x20, 0x00, 0x00, 0x2d, 0x0d, 0x00, 0x00, 
    0x13, 0x04, 0xa7, 0x11, 0x0b, 0x04, 0x00, 0x00, 0x8c, 0x00, 0x00, 0x00, 
    0x34, 0xcc, 0x00, 0x94, 0x51, 0x71, 0x95, 0x5d, 0x39, 0x94, 0x4a, 0xb9, 
    0x14, 0x52, 0x39, 0x95, 0x61, 0x40, 0x11, 0x06, 0x14, 0x45, 0xf1, 0x95, 
    0x5b, 0xc9, 0xd5, 0x40, 0xc9, 0x14, 0x4c, 0x41, 0x06, 0x14, 0x54, 0xd9, 
    0x94, 0x52, 0x31, 0x95, 0x6e, 0x40, 0xe1, 0x10, 0x57, 0x03, 0x84, 0x14, 
    0x41, 0x19, 0x94, 0xc0, 0x08, 0x40, 0x79, 0x90, 0x31, 0x46, 0x00, 0xfb, 
    0xec, 0x5c, 0x7e, 0x63, 0x04, 0xb9, 0x5e, 0xba, 0xf3, 0x37, 0x46, 0x80, 
    0xb3, 0xf7, 0x99, 0x7b, 0x63, 0x04, 0xe6, 0xbd, 0xae, 0xb2, 0x37, 0x46, 
    0xe0, 0xf6, 0xb1, 0x68, 0x7b, 0x63, 0x04, 0xef, 0x9e, 0x96, 0xf7, 0x37, 
    0x46, 0xa0, 0xb3, 0xe6, 0x1c, 0x82, 0xc1, 0x18, 0x41, 0xcc, 0x83, 0x7d, 
    0xee, 0x8d, 0x11, 0x80, 0x20, 0x08, 0xd2, 0xdf, 0x18, 0xc1, 0x5a, 0xab, 
    0xb5, 0xfa, 0x8d, 0x11, 0x80, 0x60, 0x8a, 0xde, 0x64, 0x30, 0x46, 0xa0, 
    0xe2, 0xf5, 0x29, 0x7a, 0x63, 0x04, 0x20, 0x08, 0x82, 0xb8, 0x18, 0x8c, 
    0x11, 0xdc, 0x78, 0x3b, 0xb6, 0xdc, 0x18, 0x01, 0x08, 0x82, 0x20, 0xfd, 
    0x0b, 0x63, 0x04, 0x20, 0x08, 0x82, 0x20, 0x18, 0x8c, 0x11, 0xe4, 0xff, 
    0xff, 0xdf, 0xdf, 0x18, 0x41, 0x08, 0x82, 0x20, 0xfe, 0x8d, 0x11, 0xe8, 
    0xff, 0xff, 0xdf, 0xdf, 0x18, 0x01, 0x08, 0x82, 0x20, 0xfa, 0x8d, 0x11, 
    0x80, 0x20, 0x08, 0xa2, 0x60, 0x30, 0x46, 0xc0, 0xc3, 0xab, 0x4e, 0x77, 
    0x63, 0x04, 0xb5, 0x5a, 0xab, 0xed, 0x37, 0x46, 0xd0, 0xc7, 0xa2, 0x8b, 
    0x7f, 0x63, 0x04, 0xb2, 0xe8, 0xf6, 0x34, 0x18, 0x8c, 0x11, 0xb8, 0x7d, 
    0x2c, 0xda, 0xbe, 0x30, 0x46, 0x00, 0x82, 0x20, 0x08, 0xff, 0xc2, 0x18, 
    0x01, 0x08, 0x82, 0xa0, 0x0e, 0x06, 0x63, 0x04, 0x7d, 0xdf, 0xb2, 0xb8, 
    0x2e, 0x8c, 0x11, 0x80, 0x20, 0x08, 0x82, 0xa0, 0x30, 0x46, 0x10, 0xd7, 
    0xa3, 0xd9, 0x7e, 0x63, 0x04, 0x37, 0x3a, 0xcb, 0xf0, 0x37, 0x46, 0x90, 
    0xa2, 0x6e, 0x59, 0x7b, 0x63, 0x04, 0x7b, 0xfa, 0xc7, 0xe5, 0x37, 0x46, 
    0x30, 0xcb, 0x30, 0x2f, 0x7f, 0x63, 0x04, 0xf0, 0xcd, 0xdf, 0xbd, 0x37, 
    0x46, 0xc0, 0xfe, 0x75, 0xba, 0x7b, 0x63, 0x04, 0xf4, 0xfa, 0x82, 0xe9, 
    0x37, 0x46, 0x90, 0xca, 0xb1, 0x28, 0x7f, 0x63, 0x04, 0x2e, 0xbe, 0xea, 
    0xff, 0x37, 0x46, 0xe0, 0xc2, 0xbb, 0x1d, 0x82, 0xc3, 0x18, 0x01, 0x1e, 
    0xb6, 0xad, 0xfb, 0x8d, 0x11, 0xd0, 0x65, 0x8b, 0xb6, 0xde, 0x18, 0xc1, 
    0xde, 0xe3, 0x30, 0xfd, 0x8d, 0x11, 0x80, 0x6b, 0xe8, 0xd3, 0xbf, 0x30, 
    0x46, 0xb0, 0xc7, 0x6a, 0xbc, 0x82, 0xc3, 0x18, 0x01, 0x08, 0x82, 0x20, 
    0x09, 0x06, 0x63, 0x04, 0x6c, 0x1b, 0xbf, 0xf2, 0x36, 0x46, 0x20, 0xab, 
    0xe0, 0x5b, 0x7e, 0x63, 0x04, 0x29, 0xad, 0xda, 0xf4, 0x37, 0x46, 0xe0, 
    0xda, 0xbb, 0x8a, 0xf7, 0xc2, 0x18, 0x41, 0x6a, 0xee, 0x35, 0xfb, 0x8d, 
    0x11, 0xa4, 0xbd, 0x9f, 0x97, 0xdf, 0x18, 0x01, 0x4b, 0xb2, 0x70, 0xef, 
    0x0b, 0x63, 0x04, 0xfa, 0x1b, 0x97, 0xb8, 0x2f, 0x8c, 0x11, 0xec, 0x3b, 
    0xec, 0xee, 0xbe, 0x30, 0x46, 0x60, 0xee, 0xb3, 0xaa, 0xff, 0xc2, 0x18, 
    0xc1, 0x5a, 0xf6, 0x24, 0x0a, 0x06, 0x63, 0x04, 0x2c, 0xcb, 0x9e, 0x25, 
    0x38, 0x8c, 0x11, 0x88, 0x3b, 0x98, 0x9b, 0xdf, 0x18, 0x41, 0x1b, 0xde, 
    0xa4, 0xfe, 0x0b, 0x63, 0x04, 0xa4, 0x1c, 0xba, 0x22, 0x18, 0x8c, 0x11, 
    0xa8, 0x2b, 0xdc, 0xab, 0xbf, 0x30, 0x46, 0x30, 0xeb, 0xbf, 0x8c, 0xf7, 
    0xc2, 0x18, 0x81, 0x9f, 0x93, 0xe8, 0xfc, 0x0b, 0x63, 0x04, 0x3e, 0x4e, 
    0xd6, 0xfd, 0x37, 0x46, 0x00, 0x82, 0x20, 0x08, 0x77, 0x63, 0x04, 0xef, 
    0xff, 0xff, 0xf7, 0x37, 0x46, 0x00, 0x82, 0x20, 0x88, 0xff, 0xc2, 0x18, 
    0xc1, 0x3d, 0xce, 0xb7, 0x98, 0x8d, 0x11, 0x80, 0x20, 0x08, 0xc2, 0xdf, 
    0x18, 0x41, 0xdf, 0xb7, 0x2c, 0xae, 0xcd, 0x00, 0x8c, 0x11, 0x80, 0x20, 
    0x08, 0xe2, 0xdf, 0x08, 0x00, 0x00, 0x00, 0x00, 0x23, 0x06, 0x09, 0x00, 
    0x82, 0x60, 0x70, 0x06, 0xfb, 0xc0, 0x0b, 0xae, 0xa0, 0x0f, 0xfa, 0x00, 
    0x0f, 0x23, 0x06, 0x09, 0x00, 0x82, 0x60, 0x70, 0x06, 0xfc, 0xd0, 0x0b, 
    0xaf, 0xa0, 0x0f, 0xfa, 0x10, 0x0f, 0x23, 0x06, 0x09, 0x00, 0x82, 0x60, 
    0x70, 0x06, 0xfd, 0xe0, 0x0b, 0xaf, 0x50, 0x0f, 0xf5, 0x20, 0x0f, 0x23, 
    0x06, 0x09, 0x00, 0x82, 0x60, 0x70, 0x06, 0xfe, 0xf0, 0x0b, 0xb0, 0x70, 
    0x0f, 0xf7, 0x30, 0x0f, 0x23, 0x06, 0x09, 0x00, 0x82, 0x60, 0x70, 0x06, 
    0xff, 0x00, 0x0e, 0xb1, 0x90, 0x0f, 0xf9, 0x40, 0x0f, 0x23, 0x06, 0x09, 
    0x00, 0x82, 0x60, 0x70, 0x06, 0x20, 0x11, 0x0e, 0xb2, 0xb0, 0x0f, 0xfb, 
    0x50, 0x0f, 0x23, 0x06, 0x09, 0x00, 0x82, 0x60, 0x70, 0x06, 0x21, 0x21, 
    0x0e, 0xb3, 0x00, 0x12, 0x20, 0x61, 0x0f, 0x23, 0x06, 0x09, 0x00, 0x82, 
    0x60, 0x70, 0x06, 0x22, 0x31, 0x0e, 0xb4, 0x00, 0x12, 0x20, 0x71, 0x0f, 
    0x23, 0x06, 0x09, 0x00, 0x82, 0x60, 0x70, 0x06, 0x23, 0x41, 0x0e, 0xb7, 
    0x10, 0x12, 0x21, 0x81, 0x0f, 0x23, 0x06, 0x09, 0x00, 0x82, 0x60, 0x70, 
    0x06, 0x24, 0x51, 0x0e, 0xb9, 0x20, 0x12, 0x22, 0x91, 0x0f, 0x23, 0x06, 
    0x06, 0x00, 0x82, 0x60, 0x40, 0xc8, 0x44, 0x2f, 0x8c, 0xc4, 0x88, 0x81, 
    0x01, 0x80, 0x20, 0x18, 0x10, 0x33, 0xe1, 0x0b, 0x25, 0x31, 0x62, 0x70, 
    0x00, 0x20, 0x08, 0x06, 0x63, 0x90, 0x12, 0xf3, 0x30, 0x94, 0xc4, 0x68, 
    0x42, 0x20, 0x0c, 0x37, 0x10, 0x01, 0x19, 0xcc, 0x32, 0x04, 0xa6, 0x11, 
    0x8c, 0x26, 0x0c, 0xc3, 0x70, 0x43, 0x11, 0x90, 0xc1, 0x2c, 0x83, 0x60, 
    0x1a, 0xc1, 0x1d, 0x46, 0xdd, 0x61, 0x94, 0x09, 0x18, 0x7c, 0x4c, 0xc8, 
    0xe0, 0x73, 0x88, 0x51, 0x77, 0x18, 0x65, 0x84, 0x40, 0x1f, 0x23, 0x04, 
    0xfa, 0x8c, 0x26, 0x34, 0xc0, 0x70, 0x43, 0xd0, 0x12, 0x60, 0x30, 0xcb, 
    0x30, 0x10, 0xc1, 0x88, 0xc1, 0x03, 0x80, 0x20, 0x18, 0x2c, 0x62, 0x91, 
    0x0f, 0xd4, 0x44, 0x0c, 0x9e, 0x47, 0x13, 0x34, 0x51, 0x12, 0xdc, 0x68, 
    0x42, 0x00, 0x8c, 0x26, 0x08, 0xc1, 0x68, 0xc2, 0x20, 0x8c, 0x18, 0x34, 
    0x00, 0x08, 0x82, 0x41, 0x53, 0x16, 0xff, 0xe0, 0xa5, 0x44, 0x45, 0xa5, 
    0x44, 0x4a, 0xa4, 0x44, 0x4a, 0x8c, 0x26, 0x04, 0xc0, 0x68, 0x82, 0x10, 
    0x8c, 0x26, 0x0c, 0xc2, 0x88, 0xc1, 0x01, 0x80, 0x20, 0x18, 0x80, 0x41, 
    0x58, 0xa8, 0x84, 0xa6, 0x13, 0xa3, 0x09, 0xc1, 0x30, 0x62, 0x60, 0x00, 
    0x20, 0x08, 0x06, 0x51, 0x5a, 0xac, 0x44, 0x60, 0x8a, 0x11, 0x1f, 0x53, 
    0x8c, 0xf8, 0x98, 0x62, 0xc4, 0xc7, 0x88, 0x41, 0x3e, 0x56, 0x0c, 0xf2, 
    0x31, 0x63, 0x90, 0x8f, 0x0d, 0x0c, 0x7c, 0x6c, 0x60, 0xe0, 0x63, 0x03, 
    0x03, 0x9f, 0x11, 0x03, 0x07, 0x00, 0x41, 0x30, 0x78, 0xe8, 0x02, 0x26, 
    0xdc, 0xa0, 0x0c, 0xc8, 0x20, 0x27, 0x06, 0x21, 0x88, 0x83, 0x7d, 0x98, 
    0x25, 0x30, 0x8d, 0xe1, 0x06, 0x6b, 0x2c, 0xc0, 0x60, 0x96, 0xa1, 0x70, 
    0x82, 0x11, 0x83, 0x03, 0x00, 0x41, 0x30, 0xa0, 0xe6, 0x02, 0x25, 0xd2, 
    0x20, 0x2d, 0x46, 0x13, 0x02, 0x60, 0x34, 0x41, 0x08, 0x4e, 0x30, 0xca, 
    0x82, 0x31, 0x90, 0x8f, 0x05, 0x60, 0x40, 0x9f, 0x0b, 0x86, 0xa9, 0x36, 
    0x88, 0x0b, 0xb8, 0xc0, 0x28, 0x33, 0x02, 0xf9, 0x58, 0x50, 0x06, 0xf4, 
    0xb9, 0x60, 0x98, 0x53, 0x8c, 0xb2, 0x60, 0x0d, 0xe4, 0x63, 0x01, 0x1a, 
    0xd0, 0xe7, 0x82, 0x61, 0xaa, 0x0e, 0xf4, 0x02, 0x2e, 0x30, 0xca, 0x8c, 
    0x40, 0x3e, 0x16, 0xb4, 0x01, 0x7d, 0x2e, 0x18, 0xa6, 0x94, 0x27, 0x2a, 
    0xd0, 0x0b, 0x1c, 0x31, 0x38, 0x00, 0x10, 0x04, 0x03, 0x2b, 0x35, 0xd2, 
    0x22, 0x08, 0x8d, 0x22, 0x92, 0xa8, 0xa0, 0x2f, 0x70, 0xc4, 0xe0, 0x00, 
    0x40, 0x10, 0x0c, 0x2c, 0xd6, 0x60, 0x8b, 0x80, 0x34, 0x8a, 0x29, 0x0d, 
    0x18, 0x31, 0x38, 0x00, 0x10, 0x04, 0x03, 0xcb, 0x35, 0xdc, 0x02, 0x09, 
    0x86, 0x1b, 0x9c, 0x80, 0x0c, 0x66, 0x19, 0x8c, 0x26, 0x98, 0x25, 0x38, 
    0x06, 0x2a, 0x8c, 0x36, 0x58, 0x7c, 0xc2, 0x18, 0xa8, 0x18, 0xda, 0x60, 
    0x01, 0x03, 0xa3, 0x34, 0xd5, 0x80, 0x11, 0x83, 0x03, 0x00, 0x41, 0x30, 
    0xb0, 0x66, 0x63, 0x2e, 0xac, 0x60, 0xb8, 0x81, 0x0b, 0xc8, 0x60, 0x96, 
    0x01, 0x59, 0x82, 0x59, 0x82, 0x64, 0xa0, 0xc2, 0xe8, 0x12, 0x05, 0x19, 
    0xa8, 0x18, 0xba, 0x84, 0x0f, 0x90, 0x22, 0x03, 0xb8, 0x80, 0x11, 0x83, 
    0x03, 0x00, 0x41, 0x30, 0xb0, 0x70, 0xa3, 0x2d, 0x84, 0xa0, 0xca, 0x40, 
    0x2e, 0x60, 0xc4, 0xe0, 0x00, 0x40, 0x10, 0x0c, 0x2c, 0xdd, 0x78, 0x8b, 
    0x24, 0x18, 0x31, 0x68, 0x00, 0x10, 0x04, 0x83, 0xe6, 0x37, 0xf2, 0x42, 
    0x16, 0x64, 0x63, 0x08, 0x46, 0x63, 0x34, 0x46, 0x63, 0x34, 0x46, 0x13, 
    0x02, 0x60, 0x34, 0x41, 0x08, 0x46, 0x13, 0x06, 0x61, 0xc4, 0xe0, 0x00, 
    0x40, 0x10, 0x0c, 0x30, 0xdf, 0x30, 0x8d, 0xc1, 0x17, 0x46, 0x0c, 0x0e, 
    0x00, 0x04, 0xc1, 0x00, 0xfb, 0x8d, 0xd3, 0x18, 0x7e, 0x61, 0xc4, 0xe0, 
    0x00, 0x40, 0x10, 0x0c, 0x30, 0xf0, 0x40, 0x8d, 0x01, 0x1c, 0x46, 0x0c, 
    0x16, 0x00, 0x04, 0xc1, 0x40, 0x03, 0x8f, 0xbe, 0x18, 0x84, 0x60, 0x2d, 
    0xd4, 0x22, 0x2d, 0x46, 0x0c, 0x0e, 0x00, 0x04, 0xc1, 0x00, 0x13, 0x0f, 
    0xd5, 0x70, 0x82, 0x72, 0x36, 0x18, 0x6e, 0x08, 0x24, 0x32, 0x98, 0x65, 
    0x48, 0x94, 0x60, 0x96, 0x60, 0x19, 0xa8, 0x30, 0xd8, 0xe0, 0x30, 0x94, 
    0xb2, 0x36, 0x18, 0x6e, 0x08, 0x34, 0x32, 0x98, 0x65, 0x38, 0x98, 0x60, 
    0x96, 0xa0, 0x19, 0xa8, 0x30, 0x60, 0xa3, 0x30, 0x98, 0x11, 0x03, 0x07, 
    0x00, 0x41, 0x30, 0x78, 0xda, 0x23, 0x35, 0xce, 0xc1, 0x17, 0x7a, 0x41, 
    0x36, 0x82, 0x74, 0x48, 0x07, 0x75, 0xa0, 0x8b, 0x59, 0x02, 0xd3, 0x18, 
    0x6e, 0x78, 0x85, 0xdf, 0x00, 0x83, 0x59, 0x86, 0x87, 0x0a, 0x46, 0x0c, 
    0x0e, 0x00, 0x04, 0xc1, 0x60, 0x0c, 0xcc, 0x03, 0x36, 0xc0, 0xe1, 0x35, 
    0x46, 0x13, 0x82, 0x60, 0xb8, 0x21, 0x20, 0x0f, 0x30, 0x98, 0x65, 0x88, 
    0xa0, 0x60, 0xc4, 0xc0, 0x01, 0x40, 0x10, 0x0c, 0x9e, 0xf8, 0x68, 0x8d, 
    0x75, 0x10, 0x87, 0x70, 0xb0, 0x8d, 0x76, 0x68, 0x87, 0x76, 0x68, 0x07, 
    0xbc, 0x98, 0x25, 0x30, 0x8d, 0x11, 0x83, 0x03, 0x00, 0x41, 0x30, 0x18, 
    0x83, 0xf4, 0x98, 0x8d, 0x71, 0x10, 0x8f, 0xd1, 0x84, 0x60, 0x18, 0x31, 
    0x38, 0x00, 0x10, 0x04, 0x03, 0x0b, 0x3e, 0x60, 0x23, 0x40, 0x8f, 0x0b, 
    0x8c, 0x1a, 0x31, 0x38, 0x00, 0x10, 0x04, 0x83, 0x31, 0x68, 0x8f, 0xdb, 
    0x38, 0x87, 0xf2, 0x18, 0x4d, 0x08, 0x80, 0x11, 0x83, 0x03, 0x00, 0x41, 
    0x30, 0xb0, 0xe8, 0x83, 0x36, 0x02, 0xf6, 0xb8, 0xc0, 0x28, 0x0b, 0x87, 
    0x82, 0x3e, 0x16, 0x0e, 0x02, 0x7d, 0x46, 0x0c, 0x1e, 0x00, 0x04, 0xc1, 
    0x60, 0xe9, 0x0f, 0xda, 0x90, 0x07, 0x77, 0x10, 0x82, 0x7c, 0xc8, 0x87, 
    0xf7, 0x78, 0x0f, 0xf0, 0xb8, 0x87, 0xd1, 0x84, 0x00, 0x18, 0x4d, 0x10, 
    0x82, 0x11, 0x83, 0x03, 0x00, 0x41, 0x30, 0x00, 0x83, 0xfb, 0x00, 0x0f, 
    0x78, 0x78, 0x8f, 0xd1, 0x84, 0x20, 0xb0, 0x80, 0x90, 0xcf, 0x68, 0xc2, 
    0x20, 0x58, 0x50, 0xc8, 0xc7, 0x86, 0x87, 0x3e, 0x26, 0x30, 0xf4, 0xb1, 
    0xa2, 0x1d, 0xe0, 0x63, 0x81, 0x44, 0x1f, 0x2b, 0xdc, 0x01, 0x3e, 0x16, 
    0x40, 0xf4, 0x19, 0x8e, 0x18, 0x4a, 0x82, 0xf8, 0x86, 0x23, 0x88, 0x93, 
    0x10, 0xbe, 0x12, 0x82, 0x1d, 0x8e, 0x20, 0x50, 0x82, 0xf8, 0x4a, 0x08, 
    0x76, 0x38, 0xc2, 0x58, 0x09, 0xe1, 0xab, 0x40, 0xd8, 0x59, 0x86, 0x49, 
    0x0a, 0x46, 0x0c, 0x1e, 0x00, 0x04, 0xc1, 0x60, 0x91, 0x91, 0xf4, 0x20, 
    0x89, 0x91, 0x50, 0x10, 0x97, 0x70, 0x09, 0x12, 0x21, 0x91, 0xfa, 0x60, 
    0x89, 0xd1, 0x84, 0x00, 0x18, 0x4d, 0x10, 0x82, 0x59, 0x82, 0x69, 0xa0, 
    0xc2, 0x20, 0x24, 0x1f, 0x89, 0x06, 0x2a, 0x0c, 0x42, 0x02, 0x93, 0xc8, 
    0x04, 0x09, 0x3e, 0x26, 0x48, 0xf0, 0x19, 0x31, 0x70, 0x00, 0x10, 0x04, 
    0x83, 0xe7, 0x46, 0xe6, 0x23, 0x26, 0x50, 0xe2, 0x24, 0xf8, 0x43, 0x08, 
    0x66, 0x62, 0x26, 0x7c, 0x63, 0x96, 0xc0, 0x34, 0x86, 0x1b, 0xf2, 0xe1, 
    0x44, 0xc0, 0x60, 0x96, 0xa1, 0x02, 0x83, 0xa0, 0x50, 0x22, 0x25, 0x76, 
    0xb8, 0x21, 0x68, 0x11, 0x30, 0x98, 0x65, 0xb0, 0xae, 0x60, 0xc4, 0xa0, 
    0x01, 0x40, 0x10, 0x0c, 0x9a, 0x1d, 0xa9, 0x8f, 0x98, 0x70, 0x11, 0x17, 
    0x71, 0x91, 0xff, 0xf8, 0x8f, 0xff, 0xf8, 0x8f, 0xd1, 0x84, 0x00, 0x18, 
    0x31, 0x70, 0x00, 0x10, 0x04, 0x83, 0x87, 0x47, 0xf0, 0xc3, 0x26, 0x5a, 
    0x82, 0x25, 0x42, 0x24, 0xc0, 0x09, 0x9c, 0xc8, 0x89, 0xf1, 0x98, 0x25, 
    0x30, 0x8d, 0x11, 0x83, 0x03, 0x00, 0x41, 0x30, 0xa0, 0x74, 0xe4, 0x3d, 
    0x60, 0x02, 0x46, 0x46, 0x13, 0x02, 0x60, 0x34, 0x41, 0x08, 0x4e, 0x30, 
    0xca, 0x02, 0x95, 0x90, 0x8f, 0x05, 0x27, 0x41, 0x9f, 0x0b, 0x86, 0x29, 
    0x9a, 0xc0, 0x11, 0xb8, 0xc0, 0x28, 0x33, 0x02, 0xf9, 0x58, 0xc0, 0x12, 
    0xf4, 0xb9, 0x60, 0x98, 0x53, 0x8c, 0xb2, 0x40, 0x26, 0xe4, 0x63, 0xc1, 
    0x4b, 0xd0, 0xe7, 0x82, 0x61, 0x8a, 0x27, 0xc2, 0x04, 0x2e, 0x30, 0xca, 
    0x8c, 0x40, 0x3e, 0x16, 0xd0, 0x04, 0x7d, 0x2e, 0x18, 0xa6, 0x94, 0x27, 
    0x2a, 0x10, 0x13, 0x1c, 0x31, 0x38, 0x00, 0x10, 0x04, 0x03, 0x0b, 0x4e, 
    0x60, 0x24, 0x40, 0x93, 0x22, 0x92, 0xa8, 0xa0, 0x4c, 0x70, 0xc4, 0xe0, 
    0x00, 0x40, 0x10, 0x0c, 0xac, 0x39, 0x99, 0x91, 0x60, 0x4d, 0x8a, 0x61, 
    0x13, 0x18, 0x31, 0x38, 0x00, 0x10, 0x04, 0x03, 0xab, 0x4e, 0x6a, 0x04, 
    0x09, 0x86, 0x1b, 0x9c, 0x80, 0x0c, 0x66, 0x19, 0xb0, 0x2f, 0x98, 0x25, 
    0xc8, 0x06, 0x2a, 0x8c, 0x39, 0xe8, 0xd8, 0x05, 0x1b, 0xa8, 0x18, 0xe6, 
    0xa0, 0xf3, 0x25, 0x6c, 0xa0, 0x62, 0x98, 0x83, 0x4e, 0x0c, 0xb0, 0xda, 
    0xe4, 0x04, 0x46, 0x0c, 0x0e, 0x00, 0x04, 0xc1, 0xc0, 0xda, 0x93, 0x1d, 
    0xb9, 0x82, 0xe1, 0x86, 0x2e, 0x20, 0x83, 0x59, 0x06, 0xad, 0x0b, 0x66, 
    0x09, 0xb6, 0x81, 0x0a, 0xe3, 0xdb, 0x18, 0x6d, 0xa0, 0x62, 0xf8, 0x36, 
    0x46, 0x1b, 0xa8, 0x18, 0xbe, 0x0d, 0x14, 0xb4, 0x32, 0x83, 0x1c, 0x81, 
    0x11, 0x83, 0x03, 0x00, 0x41, 0x30, 0xb0, 0x42, 0xc5, 0x46, 0x84, 0xa0, 
    0xce, 0x60, 0x47, 0x60, 0xc4, 0xe0, 0x00, 0x40, 0x10, 0x0c, 0xac, 0x51, 
    0xc1, 0x11, 0x25, 0x18, 0x31, 0x68, 0x00, 0x10, 0x04, 0x83, 0x06, 0x55, 
    0xc4, 0x64, 0x2f, 0xf6, 0x64, 0x08, 0xd8, 0x84, 0x4d, 0xd8, 0x84, 0x4d, 
    0x46, 0x13, 0x02, 0x60, 0x34, 0x41, 0x08, 0x46, 0x13, 0x06, 0x61, 0xc4, 
    0xe0, 0x00, 0x40, 0x10, 0x0c, 0xb0, 0x53, 0x79, 0x93, 0xe1, 0x34, 0x46, 
    0x0c, 0x0e, 0x00, 0x04, 0xc1, 0x00, 0x43, 0x15, 0x38, 0x19, 0x50, 0x63, 
    0xc4, 0xe0, 0x00, 0x40, 0x10, 0x0c, 0xb0, 0x54, 0x89, 0x93, 0x21, 0x35, 
    0x46, 0x0c, 0x16, 0x00, 0x04, 0xc1, 0x40, 0x4b, 0x15, 0x33, 0x19, 0x84, 
    0x80, 0x46, 0x66, 0x44, 0x46, 0x2c, 0x78, 0xe0, 0x53, 0x4f, 0xa9, 0x40, 
    0x3d, 0x1e, 0x0c, 0x37, 0x04, 0x14, 0x19, 0xcc, 0x32, 0x6c, 0x5c, 0x30, 
    0x4b, 0xd0, 0x0d, 0x54, 0x18, 0x72, 0x90, 0x21, 0xdc, 0x40, 0xc5, 0x20, 
    0x07, 0x19, 0xc2, 0x55, 0xf6, 0xc1, 0x70, 0x43, 0xe0, 0x91, 0xc1, 0x2c, 
    0x43, 0xe6, 0x05, 0xb3, 0x04, 0xdf, 0x40, 0x85, 0x61, 0x36, 0x17, 0xe2, 
    0x0d, 0x54, 0x0c, 0x38, 0x75, 0x21, 0xde, 0x70, 0x43, 0xd0, 0x2a, 0x61, 
    0x70, 0x82, 0x51, 0x46, 0x04, 0xf4, 0x99, 0x6e, 0x08, 0x70, 0x63, 0x18, 
    0x31, 0x70, 0x00, 0x10, 0x04, 0x83, 0xa7, 0x57, 0xf2, 0xe4, 0x36, 0x5c, 
    0xa3, 0x35, 0x44, 0x25, 0xc8, 0x8d, 0xdc, 0xd0, 0x0d, 0x32, 0x99, 0x25, 
    0x30, 0x8d, 0xe1, 0x86, 0xbf, 0x70, 0x15, 0x30, 0x98, 0x65, 0x08, 0x83, 
    0x36, 0x08, 0x46, 0x0c, 0x0e, 0x00, 0x04, 0xc1, 0x80, 0xe2, 0x95, 0x38, 
    0x91, 0x0d, 0x59, 0x19, 0x4d, 0x08, 0x80, 0xd1, 0x04, 0x21, 0x18, 0x6e, 
    0x10, 0x5e, 0x03, 0x0c, 0x86, 0x1b, 0x04, 0xd7, 0x00, 0x83, 0x12, 0x02, 
    0x9d, 0x65, 0x10, 0x83, 0x31, 0x08, 0x46, 0x0c, 0x1a, 0x00, 0x04, 0xc1, 
    0xa0, 0x29, 0x97, 0x3f, 0xc1, 0x0d, 0x5c, 0xa9, 0x0d, 0xda, 0x48, 0x95, 
    0x54, 0x49, 0x95, 0x54, 0x19, 0x4d, 0x08, 0x80, 0xd1, 0x04, 0x21, 0x18, 
    0x4d, 0x18, 0x84, 0xd1, 0x04, 0x62, 0x18, 0x31, 0x70, 0x00, 0x10, 0x04, 
    0x83, 0x27, 0x5d, 0x4a, 0x65, 0x3c, 0x74, 0x23, 0x37, 0x5c, 0x85, 0x18, 
    0x84, 0x00, 0x4e, 0x66, 0x09, 0x4c, 0xe3, 0x14, 0xa3, 0x2c, 0xa0, 0x0d, 
    0xf9, 0x58, 0x10, 0x1b, 0xf4, 0xa9, 0xde, 0x08, 0x17, 0xb8, 0xc0, 0x28, 
    0x2b, 0x02, 0xf9, 0x58, 0x50, 0x1b, 0xf4, 0x39, 0xc8, 0x28, 0x0b, 0x74, 
    0x43, 0x3e, 0x16, 0xdc, 0x06, 0x7d, 0x6a, 0x3c, 0xd0, 0x05, 0x2e, 0x30, 
    0xca, 0x8a, 0x40, 0x3e, 0x16, 0xec, 0x06, 0x7d, 0x4c, 0x09, 0x8f, 0xf8, 
    0xd8, 0x13, 0xc8, 0xc7, 0x82, 0xdf, 0xa0, 0x8f, 0x19, 0xe3, 0x11, 0x1f, 
    0x5b, 0x02, 0xf9, 0x58, 0x10, 0x1e, 0xf4, 0xb1, 0x80, 0x90, 0xcf, 0x88, 
    0x81, 0x01, 0x80, 0x20, 0x18, 0x44, 0xfd, 0xf2, 0x2a, 0xd3, 0x05, 0x03, 
    0x8d, 0x18, 0x18, 0x00, 0x08, 0x82, 0x41, 0xf4, 0x2f, 0xad, 0x12, 0x5d, 
    0x30, 0x90, 0x05, 0xb8, 0x02, 0x82, 0x11, 0x03, 0x03, 0x00, 0x41, 0x30, 
    0x88, 0x44, 0x86, 0x56, 0xa2, 0x0b, 0x06, 0x1a, 0x31, 0x30, 0x00, 0x10, 
    0x04, 0x83, 0x88, 0x64, 0x64, 0xe5, 0xb9, 0x60, 0x20, 0x0b, 0x7a, 0x05, 
    0x04, 0xc3, 0x0d, 0x44, 0x60, 0x06, 0xb3, 0x0c, 0x65, 0x40, 0x06, 0xc1, 
    0x2c, 0x81, 0x19, 0x58, 0x1a, 0xfc, 0x0a, 0x08, 0x66, 0x09, 0xd8, 0x60, 
    0xa0, 0xc2, 0x88, 0x05, 0x35, 0x60, 0x21, 0x32, 0x18, 0xa8, 0x30, 0x62, 
    0x41, 0x0d, 0x5c, 0x88, 0x0c, 0x06, 0x2a, 0x8c, 0x58, 0x50, 0x03, 0x18, 
    0x22, 0x83, 0x81, 0x8a, 0x21, 0x16, 0xd4, 0x40, 0x22, 0x03, 0x73, 0x03, 
    0x72, 0x01, 0xc1, 0x88, 0xc1, 0x01, 0x80, 0x20, 0x18, 0x58, 0x2c, 0xf3, 
    0x2b, 0xc2, 0xc8, 0x8c, 0x18, 0x1c, 0x00, 0x08, 0x82, 0x81, 0xd5, 0x32, 
    0xbf, 0x12, 0x08, 0x47, 0x18, 0x36, 0x62, 0x70, 0x00, 0x20, 0x08, 0x06, 
    0x98, 0xcb, 0xd8, 0x0b, 0x18, 0x04, 0x26, 0xc0, 0x08, 0x7c, 0x46, 0x0c, 
    0x0e, 0x00, 0x04, 0xc1, 0x00, 0x83, 0x19, 0x79, 0xf1, 0x02, 0x0b, 0x86, 
    0xf8, 0x8c, 0x18, 0x1c, 0x00, 0x08, 0x82, 0x01, 0x26, 0x33, 0xfa, 0x12, 
    0xc8, 0xc8, 0x70, 0x03, 0x56, 0x99, 0xc1, 0x2c, 0x83, 0x1a, 0x9c, 0x41, 
    0x30, 0x4b, 0x80, 0x06, 0x03, 0x15, 0xc6, 0x1a, 0xa0, 0x01, 0x77, 0x06, 
    0x03, 0x15, 0xc6, 0x1a, 0xa0, 0x01, 0x77, 0x06, 0x03, 0x15, 0xc6, 0x1a, 
    0xa0, 0x01, 0x77, 0x06, 0x03, 0x15, 0xc3, 0x1a, 0xa0, 0x01, 0x1e, 0x9c, 
    0x81, 0xf5, 0x81, 0xbc, 0x80, 0x60, 0xc4, 0xe0, 0x00, 0x40, 0x10, 0x0c, 
    0x2c, 0x9d, 0x69, 0x17, 0x21, 0x66, 0x46, 0x0c, 0x0e, 0x00, 0x04, 0xc1, 
    0xc0, 0xda, 0x99, 0x76, 0x09, 0x84, 0x23, 0x0c, 0x1b, 0x31, 0x38, 0x00, 
    0x10, 0x04, 0x03, 0x8c, 0x67, 0x48, 0xa6, 0x0e, 0x02, 0x13, 0x7c, 0x04, 
    0x3e, 0x23, 0x06, 0x07, 0x00, 0x82, 0x60, 0x80, 0xf9, 0x0c, 0xc8, 0xcc, 
    0x41, 0x30, 0x62, 0xd0, 0x00, 0x20, 0x08, 0x06, 0x0d, 0xd9, 0xf8, 0xcb, 
    0x8d, 0xdc, 0x4c, 0x31, 0xa1, 0x0c, 0xca, 0xa0, 0x0c, 0xca, 0x8c, 0x26, 
    0x04, 0xc0, 0x68, 0x82, 0x10, 0x8c, 0x26, 0x0c, 0x82, 0x15, 0x47, 0x7c, 
    0x46, 0x0c, 0x0e, 0x00, 0x04, 0xc1, 0x00, 0x23, 0x1b, 0x96, 0x09, 0xc8, 
    0xc4, 0x82, 0x49, 0x3e, 0x16, 0x18, 0xf2, 0x31, 0xc1, 0x90, 0x8f, 0x0d, 
    0x86, 0x7c, 0x6c, 0xa8, 0xe0, 0x63, 0x43, 0x05, 0x1f, 0x1b, 0x2a, 0xf8, 
    0x58, 0x55, 0x36, 0x20, 0x18, 0x6e, 0xb0, 0xde, 0x00, 0x0d, 0x66, 0x19, 
    0xd0, 0x20, 0x0d, 0x82, 0x59, 0x02, 0x35, 0x18, 0xa8, 0x30, 0x60, 0xc1, 
    0x0c, 0x94, 0x34, 0x18, 0xa8, 0x30, 0x60, 0xc1, 0x0c, 0x94, 0x34, 0x18, 
    0xa8, 0x30, 0x60, 0xc1, 0x0c, 0x94, 0x34, 0x30, 0x34, 0x50, 0x1b, 0x10, 
    0x0c, 0x37, 0xa4, 0xc1, 0x1b, 0xa0, 0xc1, 0x2c, 0x83, 0x19, 0xac, 0x41, 
    0x30, 0x4b, 0xc0, 0x06, 0x03, 0x15, 0x03, 0x2f, 0x94, 0x81, 0x2c, 0xac, 
    0xc1, 0x40, 0x85, 0x81, 0x4e, 0x65, 0xc0, 0xac, 0xc1, 0x40, 0x85, 0xa1, 
    0x4e, 0x65, 0xc0, 0xac, 0xc1, 0x40, 0x85, 0xc1, 0x4e, 0x65, 0xc0, 0xac, 
    0x81, 0xf1, 0x42, 0xcc, 0x80, 0xc0, 0x66, 0x81, 0x4c, 0xe4, 0x63, 0xc1, 
    0x98, 0xd0, 0x67, 0xc4, 0xc0, 0x00, 0x40, 0x10, 0x0c, 0xa2, 0xbe, 0x79, 
    0x99, 0xe0, 0x82, 0x81, 0x46, 0x0c, 0x0e, 0x00, 0x04, 0xc1, 0xc0, 0xea, 
    0x1b, 0x98, 0x09, 0xe8, 0x66, 0xc4, 0xe0, 0x00, 0x40, 0x10, 0x0c, 0x2c, 
    0xbf, 0x81, 0x99, 0xc0, 0x30, 0x59, 0x48, 0x13, 0xf9, 0x58, 0x80, 0x26, 
    0xf4, 0x19, 0x31, 0x30, 0x00, 0x10, 0x04, 0x83, 0x68, 0x74, 0x6a, 0x26, 
    0xb8, 0x60, 0xa0, 0x11, 0x83, 0x03, 0x00, 0x41, 0x30, 0xb0, 0x46, 0xc7, 
    0x66, 0x02, 0xbd, 0x19, 0x31, 0x38, 0x00, 0x10, 0x04, 0x03, 0x8b, 0x74, 
    0x6c, 0x26, 0x80, 0x0c, 0x5a, 0x05, 0xfa, 0x18, 0xc4, 0x0a, 0xf4, 0x31, 
    0xa8, 0x15, 0xe8, 0x33, 0x62, 0xd0, 0x00, 0x20, 0x08, 0x06, 0x0d, 0xeb, 
    0x98, 0xcd, 0x9f, 0xfc, 0x8d, 0x42, 0xc0, 0x0d, 0xdc, 0xc0, 0x0d, 0xdc, 
    0x8c, 0x26, 0x04, 0xc3, 0x88, 0x81, 0x03, 0x80, 0x20, 0x18, 0x3c, 0xad, 
    0x93, 0x36, 0xa7, 0xe2, 0x27, 0x7d, 0x22, 0x37, 0x05, 0x31, 0x04, 0x34, 
    0x33, 0x4b, 0x60, 0x1a, 0xc3, 0x0d, 0x6f, 0x12, 0x3a, 0x60, 0x30, 0xcb, 
    0xe0, 0x06, 0xa1, 0x10, 0x8c, 0x18, 0x34, 0x00, 0x08, 0x82, 0x41, 0xf3, 
    0x3a, 0x69, 0x23, 0x2a, 0xa2, 0xf3, 0x27, 0x7e, 0x32, 0x37, 0x73, 0x33, 
    0x37, 0x73, 0x33, 0x9a, 0x10, 0x00, 0xa3, 0x09, 0x42, 0x30, 0x9a, 0x30, 
    0x08, 0xa3, 0x09, 0xc4, 0x30, 0x62, 0x70, 0x00, 0x20, 0x08, 0x06, 0xd8, 
    0xeb, 0xdc, 0x0d, 0xf1, 0x2a, 0x23, 0x06, 0x07, 0x00, 0x82, 0x60, 0x80, 
    0xc1, 0x0e, 0xde, 0x10, 0xb0, 0x32, 0x62, 0x70, 0x00, 0x20, 0x08, 0x06, 
    0x58, 0xec, 0xe4, 0x0d, 0x11, 0x2b, 0x23, 0x06, 0x0e, 0x00, 0x82, 0x60, 
    0xf0, 0xd8, 0x8e, 0xdc, 0xc4, 0xca, 0xa9, 0x98, 0xca, 0xde, 0x0c, 0x42, 
    0x40, 0xf4, 0xcc, 0x88, 0xc1, 0x01, 0x80, 0x20, 0x18, 0x8c, 0x81, 0xeb, 
    0xe0, 0x0d, 0xaa, 0x9c, 0xce, 0x68, 0x42, 0x00, 0x0c, 0x37, 0x04, 0xac, 
    0x03, 0x06, 0xb3, 0x0c, 0x70, 0xf0, 0x06, 0xc1, 0x88, 0x81, 0x03, 0x80, 
    0x20, 0x18, 0x3c, 0xb9, 0x53, 0x37, 0xb3, 0xa2, 0x2a, 0xa9, 0xe2, 0x37, 
    0x46, 0x41, 0x1c, 0x60, 0x33, 0x4b, 0x60, 0x1a, 0x23, 0x06, 0x07, 0x00, 
    0x82, 0x60, 0x30, 0x06, 0xb1, 0xb3, 0x37, 0xab, 0x72, 0x3a, 0xa3, 0x09, 
    0x41, 0x30, 0xdc, 0x10, 0xbc, 0x0e, 0x18, 0xcc, 0x32, 0xcc, 0x41, 0x1c, 
    0x04, 0x23, 0x06, 0x0d, 0x00, 0x82, 0x60, 0xd0, 0xf4, 0xce, 0xdd, 0xd0, 
    0x0a, 0xec, 0xc0, 0x0e, 0xec, 0x84, 0x4e, 0xe8, 0x84, 0x4e, 0xe8, 0x8c, 
    0x26, 0x04, 0xc0, 0x70, 0x44, 0xd0, 0x2b, 0xc2, 0x37, 0x1c, 0x21, 0xec, 
    0x0c, 0xf1, 0x95, 0x10, 0xe8, 0x2c, 0x83, 0x1c, 0xcc, 0x41, 0x30, 0x62, 
    0x70, 0x00, 0x20, 0x08, 0x06, 0x60, 0xa0, 0x3b, 0xa3, 0x33, 0x2b, 0xaf, 
    0x33, 0x9a, 0x10, 0x08, 0x16, 0x18, 0xf4, 0x19, 0x31, 0x38, 0x00, 0x10, 
    0x04, 0x03, 0x0c, 0x7c, 0x50, 0x27, 0xf8, 0x99, 0x11, 0x83, 0x03, 0x00, 
    0x41, 0x30, 0xc0, 0xc2, 0x67, 0x74, 0x82, 0x9f, 0x99, 0x25, 0xa0, 0x83, 
    0x11, 0x83, 0x03, 0x00, 0x41, 0x30, 0x00, 0x83, 0xdf, 0x41, 0x1d, 0x5c, 
    0xd1, 0x9d, 0xd1, 0x84, 0x20, 0x18, 0x31, 0x38, 0x00, 0x10, 0x04, 0x03, 
    0x8c, 0x7c, 0x58, 0x27, 0x08, 0x9b, 0x59, 0x02, 0x3a, 0x18, 0xa8, 0x30, 
    0x10, 0x39, 0x10, 0xe6, 0xc0, 0xae, 0x80, 0x3e, 0x76, 0x09, 0xf4, 0xb1, 
    0x6b, 0xa0, 0xcf, 0x88, 0xc1, 0x01, 0x80, 0x20, 0x18, 0x8c, 0x41, 0xf9, 
    0xbc, 0xce, 0xaf, 0xf0, 0xce, 0x68, 0x42, 0x30, 0x0c, 0x37, 0x04, 0xe3, 
    0x03, 0x06, 0xb3, 0x0c, 0x75, 0x90, 0x07, 0xc1, 0x88, 0xc1, 0x02, 0x80, 
    0x20, 0x18, 0x68, 0xeb, 0x83, 0x3a, 0x46, 0x41, 0xd8, 0x4d, 0xdd, 0xd0, 
    0xcd, 0x70, 0x44, 0xf0, 0x36, 0xc2, 0x37, 0xcb, 0x60, 0x07, 0x77, 0x10, 
    0x98, 0xa0, 0x36, 0xf0, 0xb1, 0x80, 0x65, 0xe4, 0x33, 0x62, 0x60, 0x00, 
    0x20, 0x08, 0x06, 0xd1, 0xfc, 0xd0, 0x4e, 0x60, 0xf2, 0x12, 0xc4, 0xc7, 
    0x82, 0xb4, 0x91, 0x8f, 0x05, 0x75, 0x03, 0x1f, 0x0b, 0x10, 0xfa, 0x58, 
    0xf0, 0xc8, 0xc7, 0x84, 0x47, 0x3e, 0x36, 0x3c, 0xf2, 0x99, 0x25, 0xb8, 
    0x83, 0x81, 0x0a, 0xc3, 0xb0, 0x03, 0x32, 0xa8, 0x83, 0x81, 0x0a, 0xc3, 
    0xb0, 0x03, 0x32, 0xa8, 0x83, 0x81, 0x0a, 0xc3, 0xb0, 0x03, 0x32, 0xa8, 
    0x83, 0x11, 0x83, 0x03, 0x00, 0x41, 0x30, 0xc0, 0xf6, 0x67, 0x7c, 0x84, 
    0x60, 0xc4, 0xe0, 0x00, 0x40, 0x10, 0x0c, 0x30, 0xfe, 0x21, 0x1f, 0x22, 
    0x18, 0x8e, 0x08, 0xfc, 0x45, 0xf8, 0x66, 0x19, 0xf0, 0x00, 0x14, 0x02, 
    0x33, 0x04, 0xfa, 0x98, 0x31, 0xd0, 0xc7, 0x0c, 0x82, 0x3e, 0xb3, 0x04, 
    0xa0, 0x30, 0xdc, 0x70, 0xd9, 0x8f, 0x18, 0x8c, 0x18, 0x1c, 0x00, 0x08, 
    0x82, 0x01, 0x26, 0x42, 0xea, 0xc3, 0x89, 0xcc, 0x88, 0xc1, 0x01, 0x80, 
    0x20, 0x18, 0x60, 0x23, 0xb4, 0x3e, 0xdc, 0xc8, 0x8c, 0x18, 0x1c, 0x00, 
    0x08, 0x82, 0x01, 0x46, 0x42, 0xec, 0xc3, 0x91, 0xcc, 0x88, 0xc1, 0x01, 
    0x80, 0x20, 0x18, 0x60, 0x25, 0xd4, 0x3e, 0x42, 0x30, 0x62, 0x70, 0x00, 
    0x20, 0x08, 0x06, 0x98, 0x09, 0xb9, 0x0f, 0x11, 0x0c, 0x47, 0x04, 0x2a, 
    0xa3, 0x7c, 0xb3, 0x0c, 0x7a, 0xe0, 0x07, 0xc7, 0x2c, 0xc3, 0x1e, 0x80, 
    0x42, 0x30, 0x1c, 0x21, 0xa8, 0x8e, 0xf2, 0xcd, 0x32, 0xf0, 0x41, 0x1f, 
    0x04, 0x36, 0x94, 0x0e, 0x7c, 0x2c, 0x00, 0x1d, 0xf9, 0x58, 0x10, 0xc8, 
    0xc7, 0x82, 0x96, 0x81, 0xcf, 0x88, 0x81, 0x01, 0x80, 0x20, 0x18, 0x44, 
    0x30, 0x64, 0x3e, 0x81, 0x05, 0x85, 0x7c, 0x2c, 0x88, 0x1d, 0xf8, 0xcc, 
    0x12, 0xf4, 0xc1, 0x40, 0x85, 0x21, 0xf0, 0x01, 0xb5, 0x07, 0x16, 0x2c, 
    0xf4, 0xb1, 0x00, 0x92, 0x8f, 0x09, 0x90, 0x7c, 0x6c, 0x80, 0xe4, 0x33, 
    0x4b, 0x00, 0x0a, 0xb3, 0x0c, 0x7f, 0x00, 0x0a, 0x8e, 0x3d, 0x8f, 0x7c, 
    0x2c, 0xb8, 0x19, 0xf8, 0x8c, 0x18, 0x18, 0x00, 0x08, 0x82, 0x41, 0xa4, 
    0x43, 0xf0, 0x13, 0x58, 0x20, 0xc9, 0xc7, 0x82, 0x89, 0x3e, 0x16, 0x60, 
    0xf2, 0x31, 0x01, 0x93, 0x8f, 0x0d, 0x98, 0x7c, 0x66, 0x09, 0x40, 0x61, 
    0xa0, 0xc6, 0xf0, 0x03, 0x3c, 0x50, 0x85, 0x3b, 0xb0, 0xfa, 0xc0, 0x0e, 
    0xf4, 0xc0, 0xf8, 0x03, 0x3b, 0xf0, 0x83, 0x81, 0x1a, 0xc3, 0x0f, 0xf0, 
    0x40, 0x15, 0xee, 0xc0, 0xea, 0x03, 0x3b, 0xd0, 0x03, 0xe3, 0x0f, 0xec, 
    0xc0, 0x0f, 0x06, 0x6a, 0x0c, 0x3f, 0xc0, 0x03, 0x55, 0xb8, 0x03, 0xab, 
    0x0f, 0xec, 0x40, 0x0f, 0x8c, 0x3f, 0xb0, 0x03, 0x3f, 0x18, 0x6e, 0xb0, 
    0x03, 0x1c, 0x0a, 0x83, 0xe9, 0x06, 0xb1, 0x99, 0x85, 0x60, 0xc4, 0xc0, 
    0x00, 0x40, 0x10, 0x0c, 0xa2, 0x32, 0x3a, 0xa1, 0x62, 0xc4, 0xc0, 0x00, 
    0x40, 0x10, 0x0c, 0x22, 0x33, 0x42, 0xa1, 0x62, 0xc4, 0xc0, 0x00, 0x40, 
    0x10, 0x0c, 0xa2, 0x33, 0x4a, 0xa1, 0x62, 0x38, 0x62, 0xd0, 0x1d, 0xe2, 
    0x1b, 0x8e, 0x18, 0x76, 0x87, 0xf8, 0x86, 0x23, 0x06, 0xde, 0x21, 0xbe, 
    0xe9, 0x06, 0xb4, 0x49, 0x9b, 0x61, 0xba, 0x21, 0x6d, 0xd4, 0x66, 0x98, 
    0x6e, 0x50, 0x9b, 0xb5, 0x19, 0x46, 0x0c, 0x0e, 0x00, 0x04, 0xc1, 0x00, 
    0x5b, 0xa3, 0x19, 0x4a, 0xe0, 0x66, 0xc4, 0xe0, 0x00, 0x40, 0x10, 0x0c, 
    0x30, 0x36, 0xa2, 0xa1, 0x24, 0x6e, 0x46, 0x0c, 0x0e, 0x00, 0x04, 0xc1, 
    0x00, 0x6b, 0xa3, 0x1a, 0x4a, 0xe4, 0x66, 0xc4, 0xc0, 0x00, 0x40, 0x10, 
    0x0c, 0xa2, 0x38, 0x8a, 0xa1, 0x61, 0xc4, 0xc0, 0x00, 0x40, 0x10, 0x0c, 
    0x22, 0x39, 0x92, 0xa1, 0x61, 0xc4, 0xc0, 0x00, 0x40, 0x10, 0x0c, 0xa2, 
    0x39, 0x9a, 0xa1, 0xc1, 0x86, 0xf2, 0x91, 0x8f, 0x0d, 0xe6, 0x23, 0x1f, 
    0x1b, 0xce, 0x47, 0x3e, 0x23, 0x06, 0x06, 0x00, 0x82, 0x60, 0x10, 0xdd, 
    0x11, 0x0e, 0x0d, 0x23, 0x06, 0x06, 0x00, 0x82, 0x60, 0x10, 0xe1, 0x51, 
    0x0e, 0x0d, 0x23, 0x06, 0x06, 0x00, 0x82, 0x60, 0x10, 0xe5, 0x91, 0x0e, 
    0x0d, 0x36, 0xa8, 0x8f, 0x7c, 0x6c, 0x58, 0x1f, 0xf9, 0xd8, 0xc0, 0x3e, 
    0xf2, 0x31, 0x8c, 0x7d, 0xe4, 0x63, 0x58, 0xfb, 0xc8, 0xc7, 0x30, 0xf7, 
    0x91, 0x8f, 0xb9, 0xcf, 0x10, 0x1f, 0x0b, 0x0e, 0xf8, 0x18, 0xfc, 0x10, 
    0xf1, 0xb1, 0x00, 0x81, 0x8f, 0xc9, 0x4f, 0x11, 0x1f, 0x0b, 0x12, 0xf8, 
    0x58, 0xb1, 0xc9, 0xc7, 0x88, 0x4d, 0x3e, 0x36, 0x6c, 0xf2, 0xb1, 0x81, 
    0x81, 0x8f, 0x0d, 0x0c, 0x7c, 0x6c, 0x60, 0xe0, 0x33, 0x62, 0xe0, 0x00, 
    0x20, 0x08, 0x06, 0x4f, 0x2b, 0xa5, 0xd1, 0xe9, 0xf8, 0x4d, 0xdf, 0xc8, 
    0xd1, 0x20, 0x04, 0x68, 0x40, 0x43, 0xb3, 0x04, 0xa6, 0x31, 0x62, 0x70, 
    0x00, 0x20, 0x08, 0x06, 0x63, 0x50, 0x4a, 0x6f, 0xf4, 0x37, 0x7d, 0x34, 
    0x9a, 0x10, 0x04, 0xc3, 0x0d, 0x01, 0x29, 0x81, 0xc1, 0x2c, 0x83, 0x28, 
    0x8c, 0x42, 0x30, 0x1c, 0x41, 0x37, 0xb0, 0x43, 0x7c, 0x23, 0x06, 0x07, 
    0x00, 0x82, 0x60, 0x30, 0x06, 0xa9, 0x34, 0x47, 0xa3, 0x03, 0x4a, 0xa3, 
    0x09, 0x01, 0x30, 0xdc, 0x10, 0x9c, 0x52, 0x18, 0x14, 0x11, 0xf0, 0x05, 
    0x43, 0x98, 0xde, 0x88, 0x10, 0x7c, 0xa6, 0x1b, 0xf6, 0x26, 0x38, 0x2c, 
    0x78, 0x21, 0xf9, 0x58, 0x50, 0x42, 0xf0, 0xb1, 0xbe, 0x31, 0x21, 0xf8, 
    0x8c, 0x18, 0x1c, 0x00, 0x08, 0x82, 0x01, 0x18, 0xd0, 0x52, 0x1f, 0xb5, 
    0xce, 0x2a, 0x8d, 0x26, 0x04, 0x83, 0x11, 0x01, 0x7d, 0x2c, 0xf0, 0x1d, 
    0xf8, 0x58, 0x61, 0x43, 0xf2, 0xb1, 0x80, 0xa0, 0x8f, 0x05, 0xe1, 0x03, 
    0x9f, 0xe1, 0x08, 0xc2, 0x77, 0x88, 0x6f, 0x38, 0xa2, 0x00, 0x1f, 0xe1, 
    0x2b, 0x21, 0xd8, 0xe1, 0x08, 0x22, 0x7c, 0x88, 0xaf, 0x84, 0x60, 0x87, 
    0x23, 0x0c, 0xf2, 0x11, 0xbe, 0x0a, 0x84, 0xbd, 0x60, 0x88, 0x11, 0x03, 
    0x03, 0x00, 0x41, 0x30, 0x88, 0xd2, 0x89, 0x97, 0xa8, 0x11, 0x83, 0x03, 
    0x00, 0x41, 0x30, 0xb0, 0xd0, 0x09, 0x95, 0x72, 0x07, 0x9c, 0x2e, 0x30, 
    0xca, 0xd4, 0x27, 0xa0, 0xcf, 0x70, 0x04, 0x11, 0x10, 0xdf, 0x05, 0x43, 
    0xcc, 0x12, 0x94, 0xc2, 0x70, 0x83, 0x18, 0x84, 0x13, 0x18, 0xcc, 0x32, 
    0x90, 0x42, 0x29, 0x04, 0x23, 0x06, 0x07, 0x00, 0x82, 0x60, 0x00, 0x06, 
    0xea, 0x34, 0x4b, 0xe3, 0x13, 0x4e, 0xa3, 0x09, 0x81, 0x30, 0x1c, 0x71, 
    0x3b, 0x01, 0xf1, 0x8d, 0x18, 0x1c, 0x00, 0x08, 0x82, 0xc1, 0x18, 0xb0, 
    0x93, 0x2d, 0x99, 0xcf, 0x38, 0x8d, 0x26, 0x04, 0xc0, 0x70, 0x43, 0xa0, 
    0x4e, 0x61, 0x50, 0x44, 0xc0, 0x17, 0x0c, 0x61, 0xbd, 0x73, 0xc4, 0x67, 
    0xc4, 0xc0, 0x00, 0x40, 0x10, 0x0c, 0xa2, 0x7c, 0x62, 0xa7, 0x60, 0xc4, 
    0xe0, 0x00, 0x40, 0x10, 0x0c, 0x2c, 0x7c, 0xc2, 0xa5, 0xf4, 0x81, 0xa7, 
    0x0b, 0x8c, 0x32, 0xfd, 0x09, 0xe8, 0x33, 0x1c, 0x41, 0x04, 0xc4, 0x77, 
    0xc1, 0x10, 0xb3, 0x04, 0xa5, 0x30, 0xd0, 0x61, 0x90, 0x82, 0x28, 0xa0, 
    0x1e, 0x29, 0xa0, 0xde, 0x28, 0x0c, 0x74, 0x18, 0xa0, 0x20, 0x0a, 0xa8, 
    0x47, 0x0a, 0xa8, 0x37, 0x0a, 0x03, 0x1d, 0x83, 0x2e, 0x88, 0x02, 0x45, 
    0x0a, 0xec, 0x19, 0x8c, 0xc2, 0x40, 0xc7, 0x80, 0x06, 0xa2, 0x80, 0x90, 
    0x82, 0x7b, 0x06, 0xa3, 0x30, 0xd0, 0x31, 0xd8, 0x81, 0x28, 0xc0, 0x67, 
    0x40, 0x0a, 0xf0, 0x19, 0x8c, 0xc2, 0x88, 0xc1, 0x01, 0x80, 0x20, 0x18, 
    0x8c, 0x41, 0x3f, 0x9d, 0xd3, 0xfd, 0xdc, 0xd3, 0x68, 0x42, 0x00, 0x0c, 
    0x37, 0x04, 0xfb, 0x04, 0x06, 0xb3, 0x0c, 0xaa, 0x60, 0x0a, 0xc1, 0x88, 
    0xc1, 0x01, 0x80, 0x20, 0x18, 0x8c, 0x01, 0x48, 0xa9, 0x93, 0xfe, 0xa4, 
    0xd3, 0x68, 0x42, 0x00, 0x0c, 0x37, 0x04, 0xfe, 0x04, 0x06, 0xb3, 0x0c, 
    0xa8, 0x70, 0x0a, 0xc1, 0x88, 0xc1, 0x03, 0x80, 0x20, 0x18, 0x2c, 0x2d, 
    0x45, 0x4e, 0x22, 0xe4, 0x3f, 0x8b, 0x92, 0x42, 0x29, 0xf4, 0x4f, 0xff, 
    0x04, 0x4f, 0x27, 0x34, 0x9a, 0x10, 0x00, 0xa3, 0x09, 0x42, 0x60, 0x02, 
    0xfd, 0xc8, 0xc7, 0x04, 0xfa, 0x91, 0xcf, 0x2c, 0x81, 0x2a, 0x8c, 0x18, 
    0x1c, 0x00, 0x08, 0x82, 0x01, 0x18, 0xa4, 0x94, 0x3c, 0x89, 0x90, 0x3f, 
    0x8d, 0x26, 0x04, 0xc3, 0x70, 0x44, 0xe0, 0x42, 0xc1, 0x37, 0xcb, 0xa0, 
    0x0a, 0xa9, 0x10, 0x8c, 0x18, 0x3c, 0x00, 0x08, 0x82, 0xc1, 0x52, 0x53, 
    0xec, 0xa4, 0x42, 0x26, 0x34, 0x49, 0x31, 0x14, 0x43, 0x27, 0x75, 0x52, 
    0xf8, 0xf4, 0x42, 0xa3, 0x09, 0x01, 0x30, 0x9a, 0x20, 0x04, 0x23, 0x06, 
    0x07, 0x00, 0x82, 0x60, 0x00, 0x06, 0x2f, 0x85, 0x4f, 0x28, 0x74, 0x52, 
    0xa3, 0x09, 0x41, 0x60, 0x01, 0x21, 0x9f, 0xd1, 0x84, 0x41, 0xb0, 0xa0, 
    0x90, 0xcf, 0x88, 0xc1, 0x01, 0x80, 0x20, 0x18, 0x8c, 0xc1, 0x4c, 0xf5, 
    0x53, 0x0b, 0xb1, 0xd4, 0x68, 0x42, 0x30, 0x8c, 0x18, 0x1c, 0x00, 0x08, 
    0x82, 0x81, 0xa5, 0x53, 0xfa, 0x14, 0xc8, 0xd4, 0x05, 0x46, 0x8d, 0x26, 
    0xc8, 0x02, 0x30, 0x62, 0x70, 0x00, 0x20, 0x08, 0x06, 0x56, 0x4f, 0xf5, 
    0x53, 0x50, 0x53, 0x17, 0x18, 0x65, 0x0a, 0x41, 0x1f, 0x4b, 0x04, 0xfa, 
    0xd8, 0xa4, 0x42, 0xf2, 0xb1, 0x60, 0x90, 0x8f, 0x55, 0x2b, 0x24, 0x1f, 
    0x0b, 0x08, 0xf9, 0xcc, 0x12, 0xa8, 0xc2, 0x40, 0x89, 0x41, 0x07, 0xa7, 
    0x60, 0xa4, 0x02, 0x2a, 0x06, 0xa5, 0x80, 0x8a, 0x01, 0x2a, 0x0c, 0x94, 
    0x18, 0x74, 0x70, 0x0a, 0x44, 0x2a, 0xa8, 0x62, 0x50, 0x0a, 0xaa, 0x18, 
    0xa0, 0x82, 0x09, 0x82, 0x7c, 0x4c, 0x10, 0xe4, 0x63, 0x81, 0x00, 0x9f, 
    0x11, 0x03, 0x03, 0x00, 0x41, 0x30, 0x88, 0xd8, 0x2a, 0xa4, 0x82, 0xe1, 
    0x88, 0xa0, 0x8d, 0x94, 0x6f, 0x96, 0x61, 0x15, 0x5a, 0x21, 0x18, 0x31, 
    0x38, 0x00, 0x10, 0x04, 0x03, 0x30, 0x40, 0xab, 0x98, 0x0a, 0xa3, 0xb0, 
    0x1a, 0x4d, 0x08, 0x82, 0xe1, 0x88, 0xa0, 0x8d, 0x94, 0x6f, 0x96, 0x81, 
    0x15, 0x5a, 0x21, 0x30, 0xa5, 0xa0, 0x8f, 0x29, 0x06, 0x7d, 0x46, 0x0c, 
    0x0e, 0x00, 0x04, 0xc1, 0x00, 0x83, 0x2b, 0x99, 0x3a, 0x08, 0x0b, 0x06, 
    0xf9, 0x98, 0x30, 0xc8, 0x67, 0xc4, 0xe0, 0x00, 0x40, 0x10, 0x0c, 0x2c, 
    0xba, 0xa2, 0xa9, 0x32, 0x62, 0xab, 0x0b, 0x8c, 0x1a, 0x31, 0x38, 0x00, 
    0x10, 0x04, 0x03, 0xcb, 0xae, 0x6c, 0xaa, 0x8c, 0xdc, 0xea, 0x02, 0xa3, 
    0xcc, 0x18, 0xe8, 0x63, 0x86, 0x40, 0x9f, 0x59, 0x82, 0x56, 0x18, 0xe8, 
    0x30, 0x08, 0x56, 0x90, 0xc7, 0x60, 0x15, 0xe4, 0x31, 0x50, 0x85, 0x81, 
    0x0e, 0x83, 0x60, 0x05, 0x7a, 0x0c, 0x56, 0x81, 0x1e, 0x03, 0x55, 0x30, 
    0xe1, 0x0f, 0xe0, 0x63, 0xc2, 0x1f, 0xc0, 0x67, 0xb8, 0x61, 0x0f, 0xe4, 
    0x0a, 0x0c, 0x66, 0x19, 0x5c, 0xe1, 0x16, 0x82, 0x11, 0x83, 0x03, 0x00, 
    0x41, 0x30, 0x18, 0x03, 0xbd, 0x22, 0x2b, 0x3a, 0x1a, 0xab, 0xd1, 0x84, 
    0x00, 0x18, 0x6e, 0x08, 0xf0, 0x0a, 0x0c, 0x66, 0x19, 0x60, 0xe1, 0x15, 
    0x82, 0x11, 0x83, 0x07, 0x00, 0x41, 0x30, 0x58, 0x4e, 0xcb, 0xa7, 0xf8, 
    0x08, 0x8f, 0x4a, 0x81, 0x14, 0x46, 0x69, 0x94, 0xf2, 0x2a, 0xaf, 0xd4, 
    0x2a, 0x94, 0x46, 0x13, 0x02, 0x60, 0x34, 0x41, 0x08, 0x4c, 0x70, 0x23, 
    0xf9, 0x98, 0xe0, 0x46, 0xf2, 0x99, 0x25, 0x90, 0x85, 0x11, 0x83, 0x03, 
    0x00, 0x41, 0x30, 0x00, 0x83, 0xd1, 0x62, 0x2b, 0x3e, 0xc2, 0xab, 0xd1, 
    0x84, 0x60, 0x18, 0x8e, 0x08, 0x50, 0x29, 0xf8, 0x66, 0x19, 0x64, 0x21, 
    0x16, 0x82, 0x11, 0x83, 0x07, 0x00, 0x41, 0x30, 0x58, 0x5e, 0xcb, 0xac, 
    0x48, 0x09, 0x94, 0x5a, 0x81, 0x15, 0x56, 0x69, 0x95, 0x42, 0x2b, 0xb4, 
    0xe4, 0x2a, 0x95, 0x46, 0x13, 0x02, 0x60, 0x34, 0x41, 0x08, 0x46, 0x0c, 
    0x0e, 0x00, 0x04, 0xc1, 0x00, 0x0c, 0x52, 0x4b, 0xae, 0x44, 0x29, 0xb4, 
    0x46, 0x13, 0x82, 0xc0, 0x02, 0x42, 0x3e, 0xa3, 0x09, 0x83, 0x60, 0x41, 
    0x21, 0x9f, 0x11, 0x83, 0x03, 0x00, 0x41, 0x30, 0x18, 0x83, 0xd6, 0xba, 
    0xab, 0x53, 0x32, 0xad, 0xd1, 0x84, 0x60, 0x18, 0x31, 0x38, 0x00, 0x10, 
    0x04, 0x03, 0x8b, 0xb6, 0xe8, 0x2a, 0x60, 0xad, 0x0b, 0x8c, 0x1a, 0x4d, 
    0x60, 0x09, 0x60, 0xc4, 0xe0, 0x00, 0x40, 0x10, 0x0c, 0xac, 0xdb, 0xba, 
    0xab, 0xe0, 0xb5, 0x2e, 0x30, 0xca, 0x14, 0x82, 0x3e, 0x96, 0x08, 0xf4, 
    0xb1, 0x89, 0x94, 0xe4, 0x63, 0xc1, 0x20, 0x1f, 0xab, 0x4a, 0x49, 0x3e, 
    0x16, 0x10, 0xf2, 0x99, 0x25, 0x90, 0x85, 0x81, 0x0e, 0x83, 0x0e, 0x5e, 
    0xc1, 0x88, 0x05, 0xbe, 0x0c, 0x60, 0x61, 0xa0, 0xc3, 0xa0, 0x83, 0x57, 
    0x20, 0x62, 0xc1, 0x2f, 0x03, 0x58, 0x30, 0x41, 0x90, 0x8f, 0x09, 0x82, 
    0x7c, 0x2c, 0x10, 0xe0, 0x33, 0x62, 0x60, 0x00, 0x20, 0x08, 0x06, 0x91, 
    0x79, 0xed, 0x55, 0x30, 0x1c, 0x11, 0x9c, 0x93, 0xf0, 0xd9, 0x21, 0xd0, 
    0xc7, 0x8e, 0x81, 0x3e, 0x23, 0x06, 0x07, 0x00, 0x82, 0x60, 0x00, 0x06, 
    0xe4, 0xd5, 0x5a, 0xbd, 0xc4, 0x5a, 0xa3, 0x09, 0x81, 0x30, 0x1c, 0x11, 
    0xa4, 0x13, 0xf3, 0xcd, 0x32, 0xcc, 0x02, 0x2d, 0x04, 0x23, 0x06, 0x07, 
    0x00, 0x82, 0x60, 0x00, 0x06, 0xe7, 0x05, 0x5b, 0xe0, 0x04, 0x5e, 0xa3, 
    0x09, 0x41, 0x30, 0x4b, 0x40, 0x0b, 0x03, 0x15, 0x86, 0x30, 0x0b, 0x88, 
    0x2c, 0x8c, 0x18, 0x1c, 0x00, 0x08, 0x82, 0x01, 0x18, 0xa8, 0xd7, 0x6c, 
    0x8d, 0xd3, 0x78, 0x8d, 0x26, 0x04, 0xc2, 0x70, 0x44, 0xf0, 0x4e, 0xca, 
    0x37, 0xcb, 0x50, 0x0b, 0xb6, 0x10, 0x58, 0x43, 0xc4, 0xc7, 0x82, 0x81, 
    0x3e, 0x23, 0x06, 0x06, 0x00, 0x82, 0x60, 0x10, 0xd5, 0xd7, 0x6d, 0x05, 
    0x16, 0xb8, 0x95, 0x7c, 0x0c, 0xa6, 0x82, 0xf8, 0xd8, 0x30, 0xc8, 0xc7, 
    0x02, 0x41, 0x3e, 0x86, 0x4f, 0x41, 0x7c, 0x66, 0x09, 0x6c, 0x61, 0xa0, 
    0xc2, 0x10, 0x6a, 0x41, 0x3e, 0x03, 0x5a, 0x30, 0xaa, 0x9f, 0xe4, 0x63, 
    0x81, 0x3f, 0xc1, 0x67, 0xba, 0x21, 0xf8, 0xa7, 0xcb, 0x2c, 0x90, 0x92, 
    0x8f, 0x05, 0x21, 0x05, 0x9f, 0xe9, 0x86, 0x40, 0xa4, 0xb4, 0x11, 0x83, 
    0x03, 0x00, 0x41, 0x30, 0x00, 0x03, 0xfe, 0x2a, 0xaf, 0x7a, 0x92, 0xaf, 
    0xd1, 0x84, 0x40, 0xb0, 0xc0, 0x90, 0x8f, 0x09, 0x84, 0x7c, 0x6c, 0x58, 
    0xe4, 0x33, 0x62, 0xe0, 0x00, 0x20, 0x08, 0x06, 0x0f, 0x8a, 0x91, 0x97, 
    0x48, 0xe5, 0x13, 0x3e, 0xb5, 0xd7, 0x20, 0x04, 0xc4, 0x6b, 0xcd, 0x12, 
    0x98, 0xc6, 0x88, 0xc1, 0x03, 0x80, 0x20, 0x18, 0x2c, 0x2a, 0x16, 0x5e, 
    0xfc, 0xb4, 0x4f, 0x28, 0x71, 0x12, 0x26, 0x65, 0x52, 0xfc, 0xc5, 0x5f, 
    0xed, 0x45, 0x52, 0xa3, 0x09, 0x01, 0x30, 0x9a, 0x20, 0x04, 0xa3, 0x09, 
    0x83, 0x30, 0x62, 0xf0, 0x00, 0x20, 0x08, 0x06, 0x8b, 0x8b, 0x95, 0x57, 
    0x48, 0xfd, 0x53, 0x2b, 0xb0, 0x82, 0x4a, 0xa9, 0x14, 0x88, 0x81, 0x58, 
    0x7c, 0xa1, 0xd4, 0x68, 0x42, 0x00, 0x8c, 0x26, 0x08, 0xc1, 0x68, 0xc2, 
    0x20, 0x8c, 0x18, 0x1c, 0x00, 0x08, 0x82, 0xc1, 0x18, 0xa0, 0x98, 0x7c, 
    0x89, 0x54, 0x88, 0x8d, 0x26, 0x04, 0xc0, 0x70, 0x43, 0x60, 0x62, 0x60, 
    0x30, 0xcb, 0x80, 0x0b, 0xb9, 0x10, 0x8c, 0x18, 0x18, 0x00, 0x08, 0x82, 
    0x41, 0x24, 0x63, 0xf4, 0xa5, 0x8c, 0x18, 0x18, 0x00, 0x08, 0x82, 0x41, 
    0x34, 0x63, 0xf5, 0xa5, 0x8c, 0x18, 0x18, 0x00, 0x08, 0x82, 0x41, 0x44, 
    0x63, 0xf6, 0xa5, 0x0c, 0x47, 0x0c, 0xb9, 0x45, 0x7c, 0xc3, 0x11, 0x83, 
    0x6e, 0x11, 0xdf, 0x70, 0xc4, 0xb0, 0x5b, 0xc4, 0x37, 0xdd, 0x50, 0x53, 
    0x36, 0x35, 0x4c, 0x37, 0xd8, 0xd4, 0x4d, 0x0d, 0xd3, 0x0d, 0x37, 0x85, 
    0x53, 0x83, 0x25, 0xbe, 0x05, 0x1f, 0x4b, 0x7e, 0x0b, 0x3e, 0x96, 0x80, 
    0x17, 0x7c, 0x6c, 0x00, 0x2f, 0xf9, 0xd8, 0x10, 0x5e, 0xf2, 0xb1, 0x41, 
    0xbc, 0xe4, 0x33, 0x62, 0x60, 0x00, 0x20, 0x08, 0x06, 0x51, 0x98, 0x85, 
    0xd8, 0x30, 0x62, 0x60, 0x00, 0x20, 0x08, 0x06, 0x91, 0x98, 0x89, 0xd8, 
    0x30, 0x62, 0x60, 0x00, 0x20, 0x08, 0x06, 0xd1, 0x98, 0x8d, 0xd8, 0x60, 
    0x43, 0x79, 0xc9, 0xc7, 0x06, 0xf3, 0x92, 0x8f, 0x0d, 0xe7, 0x25, 0x9f, 
    0x11, 0x03, 0x03, 0x00, 0x41, 0x30, 0x88, 0xce, 0x0c, 0xc5, 0x86, 0x11, 
    0x03, 0x03, 0x00, 0x41, 0x30, 0x88, 0xd0, 0x2c, 0xc5, 0x86, 0x11, 0x03, 
    0x03, 0x00, 0x41, 0x30, 0x88, 0xd2, 0x4c, 0xc5, 0x06, 0xc3, 0xd4, 0x4b, 
    0x3e, 0x86, 0xad, 0x97, 0x7c, 0x0c, 0x63, 0x2f, 0xf9, 0x98, 0x31, 0xc4, 
    0xc7, 0x8c, 0x21, 0x3e, 0x66, 0x0c, 0xf1, 0xb1, 0x01, 0x93, 0x8f, 0x0d, 
    0x98, 0x7c, 0x6c, 0xc0, 0xe4, 0x63, 0x43, 0x02, 0x1f, 0x1b, 0x12, 0xf8, 
    0xd8, 0x90, 0xc0, 0x67, 0x96, 0x20, 0x17, 0x06, 0x2a, 0x0c, 0x03, 0x17, 
    0x78, 0xe1, 0x16, 0x06, 0x2a, 0x0c, 0x03, 0x17, 0x78, 0xe1, 0x16, 0x06, 
    0x2a, 0x0c, 0x03, 0x17, 0x78, 0xe1, 0x16, 0x66, 0x19, 0x74, 0x61, 0x17, 
    0xd0, 0x60, 0xc4, 0xc0, 0x00, 0x40, 0x10, 0x0c, 0xa2, 0x3c, 0xdb, 0xb1, 
    0x36, 0x18, 0x31, 0x30, 0x00, 0x10, 0x04, 0x83, 0x48, 0xcf, 0x78, 0xac, 
    0x0d, 0x46, 0x0c, 0x0c, 0x00, 0x04, 0xc1, 0x20, 0xda, 0xb3, 0x1e, 0x6b, 
    0x83, 0xe1, 0x88, 0x01, 0xc4, 0x88, 0x6f, 0x38, 0x62, 0x08, 0x31, 0xe2, 
    0x1b, 0x8e, 0x18, 0x44, 0x8c, 0xf8, 0xa6, 0x1b, 0xf8, 0xaa, 0xaf, 0x86, 
    0xe9, 0x86, 0xbe, 0xf2, 0xab, 0x61, 0xba, 0xc1, 0xaf, 0xfe, 0x6a, 0xb0, 
    0xa4, 0xc4, 0xe0, 0x63, 0x89, 0x89, 0xc1, 0xc7, 0x92, 0x13, 0x83, 0x8f, 
    0x0d, 0x27, 0x26, 0x1f, 0x1b, 0x50, 0x4c, 0x3e, 0x36, 0xa4, 0x98, 0x7c, 
    0x46, 0x0c, 0x0c, 0x00, 0x04, 0xc1, 0x20, 0x42, 0x35, 0x34, 0x1b, 0x46, 
    0x0c, 0x0c, 0x00, 0x04, 0xc1, 0x20, 0x4a, 0xb5, 0x34, 0x1b, 0x46, 0x0c, 
    0x0c, 0x00, 0x04, 0xc1, 0x20, 0x52, 0x35, 0x35, 0x1b, 0x6c, 0x60, 0x31, 
    0xf9, 0xd8, 0xd0, 0x62, 0xf2, 0xb1, 0xc1, 0xc5, 0xe4, 0x33, 0x62, 0x60, 
    0x00, 0x20, 0x08, 0x06, 0x91, 0xab, 0xbd, 0xd9, 0x30, 0x62, 0x60, 0x00, 
    0x20, 0x08, 0x06, 0xd1, 0xab, 0xc1, 0xd9, 0x30, 0x62, 0x60, 0x00, 0x20, 
    0x08, 0x06, 0x11, 0xac, 0xc5, 0xd9, 0x60, 0x58, 0x8c, 0xc9, 0xc7, 0x30, 
    0x19, 0x93, 0x8f, 0x61, 0x33, 0x26, 0x1f, 0x33, 0x86, 0xf8, 0x98, 0x31, 
    0xc4, 0xc7, 0x8c, 0x21, 0x3e, 0x36, 0x60, 0xf2, 0xb1, 0x01, 0x93, 0x8f, 
    0x0d, 0x98, 0x7c, 0x6c, 0x48, 0xe0, 0x63, 0x43, 0x02, 0x1f, 0x1b, 0x12, 
    0xf8, 0xcc, 0x12, 0xec, 0xc2, 0x40, 0x85, 0x61, 0xe8, 0x82, 0x58, 0xe4, 
    0xc2, 0x40, 0x85, 0x61, 0xe8, 0x82, 0x58, 0xe4, 0xc2, 0x40, 0x85, 0x61, 
    0xe8, 0x82, 0x58, 0xe4, 0xc2, 0x88, 0xc1, 0x01, 0x80, 0x20, 0x18, 0x8c, 
    0x41, 0xae, 0x8d, 0xda, 0x6c, 0x89, 0xda, 0x68, 0x42, 0x30, 0x0c, 0x37, 
    0x04, 0xb7, 0x06, 0x06, 0xb3, 0x0c, 0xbf, 0xc0, 0x0b, 0xc1, 0x88, 0xc1, 
    0x03, 0x80, 0x20, 0x18, 0x2c, 0xe6, 0xd6, 0x67, 0xbd, 0x75, 0x5b, 0x65, 
    0x41, 0x16, 0xe2, 0x25, 0x5e, 0xb8, 0x86, 0x6b, 0xa9, 0x06, 0x5e, 0xa3, 
    0x09, 0x01, 0x30, 0x9a, 0x20, 0x04, 0xa3, 0x09, 0x83, 0x30, 0xcb, 0xd0, 
    0x0b, 0xbe, 0x60, 0x0b, 0x23, 0x06, 0x06, 0x00, 0x82, 0x60, 0x10, 0x9d, 
    0x5b, 0xaa, 0x0d, 0x23, 0x06, 0x06, 0x00, 0x82, 0x60, 0x10, 0xa1, 0x9b, 
    0xaa, 0x0d, 0x23, 0x06, 0x06, 0x00, 0x82, 0x60, 0x10, 0xa5, 0xdb, 0xaa, 
    0x0d, 0xc3, 0x11, 0x83, 0x9b, 0x11, 0xdf, 0x70, 0xc4, 0xf0, 0x66, 0xc4, 
    0x37, 0x1c, 0x31, 0xc0, 0x19, 0xf1, 0x4d, 0x37, 0xa8, 0xd7, 0x7a, 0x0d, 
    0xd3, 0x0d, 0xeb, 0xc5, 0x5e, 0xc3, 0x74, 0x03, 0x7b, 0xb5, 0xd7, 0x60, 
    0xc9, 0x9c, 0xc1, 0xc7, 0x12, 0x3a, 0x83, 0x8f, 0x25, 0x75, 0x06, 0x1f, 
    0x1b, 0xea, 0x4c, 0x3e, 0x36, 0xd8, 0x99, 0x7c, 0x6c, 0xb8, 0x33, 0xf9, 
    0x8c, 0x18, 0x18, 0x00, 0x08, 0x82, 0x41, 0x64, 0x6f, 0xb6, 0x36, 0x8c, 
    0x18, 0x18, 0x00, 0x08, 0x82, 0x41, 0x74, 0x6f, 0xb7, 0x36, 0x8c, 0x18, 
    0x18, 0x00, 0x08, 0x82, 0x41, 0x84, 0x6f, 0xb8, 0x36, 0xd8, 0xa0, 0x67, 
    0xf2, 0xb1, 0x61, 0xcf, 0xe4, 0x63, 0x03, 0x9f, 0xc9, 0x67, 0xc4, 0xc0, 
    0x00, 0x40, 0x10, 0x0c, 0x22, 0x7e, 0xeb, 0xb5, 0x61, 0xc4, 0xc0, 0x00, 
    0x40, 0x10, 0x0c, 0xa2, 0x7e, 0xf3, 0xb5, 0x61, 0xc4, 0xc0, 0x00, 0x40, 
    0x10, 0x0c, 0x22, 0x7f, 0xfb, 0xb5, 0xc1, 0xb0, 0x3f, 0x93, 0x8f, 0x61, 
    0xa0, 0x26, 0x1f, 0xc3, 0x42, 0x4d, 0x3e, 0x66, 0x0c, 0xf1, 0x31, 0x63, 
    0x88, 0x8f, 0x19, 0x43, 0x7c, 0x6c, 0xc0, 0xe4, 0x63, 0x03, 0x26, 0x1f, 
    0x1b, 0x30, 0xf9, 0xd8, 0x90, 0xc0, 0xc7, 0x86, 0x04, 0x3e, 0x36, 0x24, 
    0xf0, 0x99, 0x25, 0xf0, 0x85, 0x81, 0x0a, 0xc3, 0xe8, 0x05, 0x57, 0xe0, 
    0x85, 0x81, 0x0a, 0xc3, 0xe8, 0x05, 0x57, 0xe0, 0x85, 0x81, 0x0a, 0xc3, 
    0xe8, 0x05, 0x57, 0xe0, 0x05, 0x8b, 0x03, 0x5c, 0x80, 0x8f, 0x05, 0x44, 
    0x7c, 0x4c, 0x0e, 0x72, 0x01, 0x3e, 0x16, 0x14, 0xf1, 0xb1, 0x39, 0xd0, 
    0x05, 0xf8, 0x58, 0x60, 0xc4, 0x67, 0xc4, 0xe0, 0x00, 0x40, 0x10, 0x0c, 
    0xb0, 0x98, 0xcb, 0xb7, 0x22, 0xc6, 0x46, 0x0c, 0x0e, 0x00, 0x04, 0xc1, 
    0x00, 0x93, 0x39, 0x7d, 0x23, 0x64, 0x6c, 0xc4, 0xe0, 0x00, 0x40, 0x10, 
    0x0c, 0xb0, 0x99, 0xdb, 0xb7, 0x61, 0xc6, 0x66, 0x09, 0x7e, 0x61, 0xa0, 
    0xc2, 0x30, 0x7c, 0x81, 0x1e, 0x76, 0x61, 0xa0, 0xc2, 0x30, 0x7c, 0x81, 
    0x1e, 0x76, 0x61, 0xa0, 0xc2, 0x30, 0x7c, 0x81, 0x1e, 0x76, 0x61, 0xb8, 
    0xa1, 0x46, 0x56, 0x8e, 0x0c, 0x66, 0x19, 0xce, 0x01, 0x1c, 0x82, 0x11, 
    0x83, 0x03, 0x00, 0x41, 0x30, 0x00, 0x83, 0x9a, 0xf3, 0x37, 0x17, 0x73, 
    0xb9, 0xd1, 0x84, 0x40, 0x18, 0x8e, 0x08, 0x74, 0x4c, 0xf9, 0x66, 0x19, 
    0xc2, 0xe1, 0x1c, 0x82, 0x11, 0x83, 0x03, 0x00, 0x41, 0x30, 0x00, 0x03, 
    0x9c, 0x0b, 0xb9, 0x18, 0x03, 0xb9, 0xd1, 0x84, 0x40, 0x18, 0x8e, 0x08, 
    0x7a, 0x8c, 0xf9, 0x46, 0x13, 0x8c, 0x60, 0xba, 0x21, 0x18, 0x84, 0x59, 
    0x06, 0x73, 0x10, 0x87, 0x1e, 0x19, 0x4d, 0x18, 0x05, 0x60, 0xb8, 0x21, 
    0xc8, 0x39, 0x30, 0x98, 0x65, 0x20, 0x87, 0x71, 0x08, 0x46, 0x0c, 0x1e, 
    0x00, 0x04, 0xc1, 0x60, 0x41, 0xbb, 0x7f, 0xeb, 0xb1, 0x1c, 0x33, 0x93, 
    0x32, 0x21, 0x33, 0x32, 0xd3, 0x39, 0x9d, 0x5b, 0x39, 0x31, 0x1b, 0x4d, 
    0x08, 0x80, 0xd1, 0x04, 0x21, 0x30, 0xe1, 0xc5, 0xe4, 0x63, 0xc2, 0x8b, 
    0xc9, 0x67, 0x96, 0xc0, 0x1c, 0x46, 0x0c, 0x0e, 0x00, 0x04, 0xc1, 0x00, 
    0x0c, 0xc8, 0xae, 0xe5, 0x7a, 0x2c, 0xe7, 0x46, 0x13, 0x82, 0x61, 0x38, 
    0x22, 0x48, 0xb3, 0xe0, 0x9b, 0x65, 0x30, 0x87, 0x72, 0x08, 0x46, 0x0c, 
    0x1e, 0x00, 0x04, 0xc1, 0x60, 0x81, 0xbb, 0x93, 0x2b, 0xb3, 0x30, 0x73, 
    0x93, 0x36, 0x61, 0x33, 0x36, 0x13, 0x3b, 0xb1, 0x9b, 0x39, 0x35, 0x1b, 
    0x4d, 0x08, 0x80, 0xd1, 0x04, 0x21, 0x18, 0x31, 0x38, 0x00, 0x10, 0x04, 
    0x03, 0x30, 0x50, 0xbb, 0x99, 0x1b, 0x33, 0xb1, 0x1b, 0x4d, 0x08, 0x02, 
    0x0b, 0x08, 0xf9, 0x8c, 0x26, 0x0c, 0x82, 0x05, 0x85, 0x7c, 0x46, 0x13, 
    0xcc, 0x62, 0x18, 0x31, 0x38, 0x00, 0x10, 0x04, 0x03, 0x8b, 0xee, 0x68, 
    0x2e, 0x60, 0xbb, 0x0b, 0x8c, 0x1a, 0x4d, 0x60, 0x17, 0x60, 0xc4, 0xe0, 
    0x00, 0x40, 0x10, 0x0c, 0xac, 0xbb, 0xbb, 0xb9, 0xe0, 0xed, 0x2e, 0x30, 
    0xca, 0x12, 0x82, 0x3e, 0x86, 0x08, 0xf4, 0x31, 0x89, 0xcc, 0xe4, 0x63, 
    0xc1, 0x20, 0x1f, 0xa3, 0xca, 0x4c, 0x3e, 0x16, 0x10, 0xf2, 0x99, 0x25, 
    0x30, 0x87, 0x81, 0x12, 0x43, 0x0e, 0xc6, 0xc1, 0x28, 0x07, 0x7e, 0x0e, 
    0xc2, 0x81, 0x9f, 0x03, 0x72, 0x18, 0x28, 0x31, 0xe4, 0x60, 0x1c, 0x88, 
    0x72, 0xf0, 0xe7, 0x20, 0x1c, 0xfc, 0x39, 0x20, 0x07, 0x13, 0x04, 0xf9, 
    0x98, 0x20, 0xc8, 0xc7, 0x02, 0x01, 0x3e, 0x23, 0x06, 0x06, 0x00, 0x82, 
    0x60, 0x10, 0x99, 0xde, 0xce, 0x05, 0x16, 0x94, 0x41, 0x7c, 0x2c, 0x60, 
    0x03, 0xfa, 0x8c, 0x18, 0x18, 0x00, 0x08, 0x82, 0x41, 0x94, 0x7a, 0x6b, 
    0x17, 0x58, 0x20, 0x72, 0xf2, 0x31, 0x72, 0x0b, 0xe2, 0x63, 0xc3, 0x20, 
    0x1f, 0x0b, 0x04, 0xf9, 0x18, 0xab, 0x05, 0xf1, 0x99, 0x25, 0x38, 0x87, 
    0x81, 0x0e, 0x43, 0x30, 0x07, 0x9d, 0x0e, 0xc0, 0x41, 0xa7, 0x83, 0x5f, 
    0xb0, 0x3c, 0xd0, 0x89, 0xf8, 0x58, 0x1e, 0xe8, 0x44, 0x7c, 0x2c, 0x0f, 
    0x74, 0x22, 0x3e, 0x46, 0x0c, 0xf2, 0xb1, 0x62, 0x90, 0x8f, 0x19, 0x83, 
    0x7c, 0x6c, 0x00, 0x0b, 0xf8, 0xd8, 0x00, 0x16, 0xf0, 0xb1, 0x01, 0x2c, 
    0xe0, 0x33, 0xcb, 0x80, 0x0e, 0xe9, 0xb0, 0x32, 0x23, 0x06, 0x0f, 0x00, 
    0x82, 0x60, 0xb0, 0xf0, 0xde, 0xdc, 0xc1, 0x5a, 0xab, 0xe9, 0x4a, 0xae, 
    0xe0, 0x1a, 0xae, 0xb9, 0x9e, 0xeb, 0xfd, 0x9d, 0xad, 0x8d, 0x26, 0x04, 
    0xc0, 0x68, 0x82, 0x10, 0x8c, 0x26, 0x0c, 0xc2, 0x68, 0x02, 0x31, 0xcc, 
    0x12, 0xa8, 0xc3, 0x88, 0x41, 0x03, 0x80, 0x20, 0x18, 0x34, 0xe0, 0xa7, 
    0x77, 0xb5, 0x36, 0x7b, 0xb0, 0xf6, 0x6a, 0xa4, 0x47, 0x7a, 0xa4, 0x47, 
    0x7a, 0xa3, 0x09, 0x01, 0x30, 0x9a, 0x20, 0x04, 0xa3, 0x09, 0x83, 0x30, 
    0x9a, 0x40, 0x0c, 0xb3, 0x04, 0xea, 0x30, 0x50, 0x61, 0x48, 0xe8, 0x80, 
    0xa4, 0xc3, 0x40, 0x85, 0x21, 0xa1, 0x03, 0x92, 0x0e, 0x03, 0x15, 0x86, 
    0x84, 0x0e, 0x48, 0x3a, 0x0c, 0x54, 0x18, 0x12, 0x3a, 0x20, 0xe9, 0x30, 
    0xcb, 0xb0, 0x0e, 0xef, 0x60, 0x1b, 0x23, 0x06, 0x07, 0x00, 0x82, 0x60, 
    0x30, 0x06, 0xe0, 0xa7, 0x7a, 0xba, 0x66, 0x7b, 0xa3, 0x09, 0x41, 0x30, 
    0xdc, 0x10, 0xf8, 0x1e, 0x18, 0xcc, 0x32, 0xb8, 0x03, 0x3b, 0x04, 0x23, 
    0x06, 0x0d, 0x00, 0x82, 0x60, 0xd0, 0xb0, 0x9f, 0xe9, 0x8d, 0xdb, 0xef, 
    0xfd, 0xde, 0xef, 0xc1, 0x1e, 0xec, 0xc1, 0x1e, 0xec, 0x8d, 0x26, 0x04, 
    0xc0, 0x70, 0x44, 0xc0, 0x6e, 0xc2, 0x37, 0x1c, 0x21, 0xa8, 0x1d, 0xf1, 
    0x95, 0x10, 0xe8, 0x2c, 0x43, 0x3b, 0xb8, 0x43, 0x30, 0x62, 0x70, 0x00, 
    0x20, 0x08, 0x06, 0x60, 0x90, 0x7e, 0xb2, 0x27, 0x6e, 0xbe, 0x37, 0x9a, 
    0x10, 0x08, 0x16, 0x18, 0xf4, 0x19, 0x31, 0x38, 0x00, 0x10, 0x04, 0x03, 
    0xec, 0xfd, 0x6e, 0x2f, 0x70, 0xbb, 0x11, 0x83, 0x03, 0x00, 0x41, 0x30, 
    0xc0, 0xe0, 0x4f, 0xf6, 0x02, 0xb7, 0x9b, 0x25, 0x78, 0x87, 0x11, 0x83, 
    0x03, 0x00, 0x41, 0x30, 0x00, 0x03, 0xf7, 0xbb, 0xbd, 0x73, 0x4b, 0xbf, 
    0xd1, 0x84, 0x20, 0x18, 0x31, 0x38, 0x00, 0x10, 0x04, 0x03, 0x6c, 0xfe, 
    0x76, 0x2f, 0x80, 0xbb, 0x59, 0x82, 0x77, 0x18, 0xe8, 0x30, 0xd4, 0x3b, 
    0x50, 0x07, 0xa4, 0x1d, 0x04, 0x77, 0xb0, 0x2a, 0xa0, 0x8f, 0x55, 0x02, 
    0x7d, 0xac, 0x1a, 0xe8, 0x33, 0x62, 0xb0, 0x00, 0x20, 0x08, 0x06, 0xda, 
    0xfd, 0xd1, 0xde, 0x20, 0x04, 0xa2, 0x17, 0x7a, 0xa0, 0x37, 0x62, 0xb0, 
    0x00, 0x20, 0x08, 0x06, 0x1a, 0xfe, 0xd5, 0x9e, 0x69, 0x94, 0x06, 0x69, 
    0x8c, 0x9e, 0xe8, 0x85, 0xde, 0x88, 0xc1, 0x01, 0x80, 0x20, 0x18, 0x8c, 
    0x81, 0xfd, 0x81, 0x1f, 0xbc, 0xb1, 0xdf, 0x68, 0x42, 0x00, 0x0c, 0x37, 
    0x04, 0xf4, 0x07, 0x06, 0xb3, 0x0c, 0xf0, 0x10, 0x0f, 0xc1, 0x88, 0xc1, 
    0x01, 0x80, 0x20, 0x18, 0x60, 0xfd, 0x57, 0x7e, 0x5d, 0xbf, 0x8d, 0x18, 
    0x1c, 0x00, 0x08, 0x82, 0x01, 0xe6, 0x7f, 0xe6, 0xd7, 0xf9, 0xdb, 0x88, 
    0xc1, 0x01, 0x80, 0x20, 0x18, 0x60, 0xff, 0x77, 0x7e, 0xdd, 0xbf, 0x8d, 
    0x18, 0x38, 0x00, 0x08, 0x82, 0xc1, 0x43, 0x82, 0x01, 0xf8, 0xf9, 0x5b, 
    0xbd, 0xd1, 0x5b, 0xfa, 0x0d, 0x42, 0xd0, 0xad, 0xde, 0x2c, 0x81, 0x69, 
    0x8c, 0x18, 0x1c, 0x00, 0x08, 0x82, 0xc1, 0x18, 0xf0, 0x9f, 0xf9, 0xd9, 
    0x5b, 0xfe, 0x8d, 0x26, 0x04, 0xc2, 0x70, 0x43, 0xb0, 0x7f, 0x60, 0x30, 
    0xcb, 0x20, 0x0f, 0xf3, 0x10, 0x8c, 0x18, 0x1c, 0x00, 0x08, 0x82, 0x01, 
    0x18, 0x80, 0x60, 0x90, 0x7e, 0xf9, 0x66, 0x7f, 0xa3, 0x09, 0x81, 0x60, 
    0x81, 0x6c, 0xc8, 0xc7, 0x04, 0xd9, 0x90, 0x8f, 0x0d, 0xb2, 0x21, 0x9f, 
    0x11, 0x03, 0x07, 0x00, 0x41, 0x30, 0x78, 0x58, 0x30, 0x40, 0x3f, 0x93, 
    0xeb, 0x37, 0x7e, 0x8b, 0xbf, 0x41, 0x08, 0xca, 0x60, 0xf6, 0x66, 0x09, 
    0x4c, 0x63, 0xb8, 0xe1, 0xe8, 0x3f, 0x30, 0x98, 0x65, 0xa0, 0x87, 0x7a, 
    0x08, 0x46, 0x0c, 0x0e, 0x00, 0x04, 0xc1, 0x00, 0x0c, 0x4c, 0x30, 0x78, 
    0xbf, 0x7f, 0xe3, 0xbf, 0xd1, 0x84, 0x40, 0xb0, 0x00, 0x0f, 0xe4, 0x63, 
    0x02, 0x1e, 0xc8, 0xc7, 0x06, 0x3c, 0x90, 0xcf, 0x88, 0x81, 0x03, 0x80, 
    0x20, 0x18, 0x3c, 0x32, 0x18, 0xb8, 0x1f, 0xcb, 0x8d, 0x9c, 0xc8, 0xdd, 
    0xdf, 0x20, 0x04, 0x6b, 0x90, 0x7b, 0xb3, 0x04, 0xa6, 0x31, 0xdc, 0xd0, 
    0x88, 0x60, 0x00, 0x06, 0xb3, 0x0c, 0xf6, 0x70, 0x0f, 0x81, 0xfd, 0x81, 
    0xdf, 0xc9, 0xc7, 0xfe, 0xe0, 0xef, 0xe4, 0x63, 0x7f, 0x00, 0x7a, 0xf2, 
    0xb1, 0xc1, 0xe6, 0xe0, 0x63, 0xc3, 0xcd, 0xc1, 0xc7, 0x06, 0x9c, 0x83, 
    0xcf, 0x88, 0x81, 0x01, 0x80, 0x20, 0x18, 0x44, 0x38, 0x18, 0xe8, 0xdf, 
    0x30, 0x62, 0x60, 0x00, 0x20, 0x08, 0x06, 0x51, 0x0e, 0x06, 0xfb, 0x37, 
    0x8c, 0x18, 0x18, 0x00, 0x08, 0x82, 0x41, 0xa4, 0x83, 0x01, 0xff, 0x0d, 
    0x23, 0x06, 0x06, 0x00, 0x82, 0x60, 0x10, 0xed, 0x60, 0xd0, 0x7f, 0xc3, 
    0x88, 0x81, 0x01, 0x80, 0x20, 0x18, 0x44, 0x3c, 0x18, 0xf8, 0xdf, 0x30, 
    0x62, 0x60, 0x00, 0x20, 0x08, 0x06, 0x51, 0x0f, 0x06, 0xff, 0x37, 0x0c, 
    0x47, 0x0c, 0xe2, 0x47, 0x7c, 0xc3, 0x11, 0xc3, 0xf8, 0x11, 0xdf, 0x70, 
    0xc4, 0x40, 0x7e, 0xc4, 0x37, 0xdd, 0xe0, 0x73, 0x3f, 0x37, 0x4c, 0x37, 
    0xfc, 0x1c, 0xd8, 0x0d, 0xd3, 0x0d, 0x60, 0x17, 0x76, 0x83, 0x25, 0xe7, 
    0x07, 0x1f, 0x4b, 0xd0, 0x0f, 0x3e, 0x96, 0xa4, 0x1f, 0x7c, 0x6c, 0x48, 
    0x3f, 0xf9, 0xd8, 0xa0, 0x7e, 0xf2, 0xb1, 0x61, 0xfd, 0xe4, 0x33, 0x62, 
    0x60, 0x00, 0x20, 0x08, 0x06, 0x91, 0x1a, 0x06, 0x2a, 0x18, 0x0c, 0x23, 
    0x06, 0x06, 0x00, 0x82, 0x60, 0x10, 0xad, 0x61, 0xb0, 0x82, 0xc1, 0x30, 
    0x62, 0x60, 0x00, 0x20, 0x08, 0x06, 0x11, 0x1b, 0x06, 0x2c, 0x18, 0x0c, 
    0x36, 0xb8, 0x9f, 0x7c, 0x6c, 0x78, 0x3f, 0xf9, 0xd8, 0x00, 0x7f, 0xf2, 
    0x19, 0x31, 0x30, 0x00, 0x10, 0x04, 0x83, 0x08, 0x0e, 0x83, 0x18, 0x0c, 
    0x86, 0x11, 0x03, 0x03, 0x00, 0x41, 0x30, 0x88, 0xe2, 0x30, 0x90, 0xc1, 
    0x60, 0x18, 0x31, 0x30, 0x00, 0x10, 0x04, 0x83, 0x48, 0x0e, 0x83, 0x19, 
    0x0c, 0x06, 0xc3, 0xe6, 0x4f, 0x3e, 0x86, 0xd1, 0x9f, 0x7c, 0x0c, 0xab, 
    0x3f, 0xf9, 0x98, 0x31, 0xc4, 0xc7, 0x8c, 0x21, 0x3e, 0x66, 0x0c, 0xf1, 
    0xb1, 0x01, 0x93, 0x8f, 0x0d, 0x98, 0x7c, 0x6c, 0xc0, 0xe4, 0x63, 0x43, 
    0x02, 0x1f, 0x1b, 0x12, 0xf8, 0xd8, 0x90, 0xc0, 0x67, 0xc4, 0xe0, 0x00, 
    0x40, 0x10, 0x0c, 0xc0, 0x20, 0x0f, 0x03, 0x31, 0x0c, 0xe4, 0xee, 0x0d, 
    0x83, 0xd1, 0x84, 0x40, 0xb0, 0xa0, 0x90, 0x8f, 0x15, 0x82, 0x7c, 0xac, 
    0x18, 0xe4, 0x33, 0x62, 0xe0, 0x00, 0x20, 0x08, 0x06, 0x4f, 0x29, 0x06, 
    0x61, 0x18, 0xfc, 0x9d, 0xdd, 0xd5, 0x9d, 0x1a, 0x06, 0x83, 0x10, 0xf8, 
    0x02, 0x0b, 0x06, 0xb3, 0x04, 0xa6, 0x31, 0x62, 0x70, 0x00, 0x20, 0x08, 
    0x06, 0xd4, 0x28, 0x06, 0x38, 0x18, 0xe4, 0x5d, 0x1e, 0x06, 0xa3, 0x09, 
    0x01, 0x30, 0x9a, 0x20, 0x04, 0xc3, 0x0d, 0x01, 0xdd, 0x85, 0xc1, 0x70, 
    0xc3, 0x70, 0x77, 0x61, 0x50, 0x42, 0xb0, 0x23, 0x06, 0x07, 0x00, 0x82, 
    0x60, 0x30, 0x06, 0xa3, 0x18, 0xb4, 0x61, 0xd0, 0x77, 0x7a, 0x18, 0x8c, 
    0x26, 0x04, 0xc1, 0x70, 0x43, 0x20, 0x8a, 0x01, 0x18, 0x14, 0x11, 0xe8, 
    0x2c, 0x03, 0x3e, 0xd4, 0x44, 0x30, 0xcb, 0xa0, 0x0f, 0xf9, 0xd0, 0x27, 
    0x23, 0x06, 0x06, 0x00, 0x82, 0x60, 0x10, 0xb9, 0x62, 0x00, 0x87, 0x81, 
    0x2d, 0x8c, 0x18, 0x18, 0x00, 0x08, 0x82, 0x41, 0xf4, 0x8a, 0x41, 0x1c, 
    0x06, 0xb6, 0x30, 0x62, 0x60, 0x00, 0x20, 0x08, 0x06, 0x11, 0x2c, 0x06, 
    0x72, 0x18, 0xd8, 0xc2, 0x2c, 0xc1, 0x49, 0x8c, 0x26, 0x1c, 0xc3, 0x70, 
    0x43, 0x70, 0x8a, 0x01, 0x18, 0xcc, 0x32, 0xec, 0x03, 0x48, 0x04, 0xc3, 
    0x11, 0xb8, 0x20, 0x83, 0x81, 0xf0, 0xcd, 0x32, 0xf0, 0x43, 0x3f, 0x04, 
    0x96, 0x0b, 0x2d, 0x18, 0xc0, 0xc7, 0x82, 0xf7, 0x93, 0xcf, 0x88, 0x81, 
    0x01, 0x80, 0x20, 0x18, 0x44, 0xb6, 0x18, 0xdc, 0x61, 0x10, 0x58, 0xed, 
    0x05, 0xf1, 0xb1, 0x80, 0x05, 0x03, 0xf9, 0x58, 0x80, 0x83, 0x01, 0x7c, 
    0x2c, 0xf8, 0x05, 0xfa, 0x58, 0x30, 0x0e, 0xf2, 0x31, 0x61, 0x1c, 0xe4, 
    0x63, 0xc3, 0x38, 0xc8, 0x67, 0x96, 0xa0, 0x1f, 0x06, 0x2a, 0x0c, 0x83, 
    0x1f, 0x58, 0x63, 0x1f, 0x06, 0x2a, 0x0c, 0x83, 0x1f, 0x58, 0x63, 0x1f, 
    0x06, 0x2a, 0x0c, 0x83, 0x1f, 0x58, 0x63, 0x1f, 0x46, 0x0c, 0x0e, 0x00, 
    0x04, 0xc1, 0x00, 0xf3, 0xc5, 0xc0, 0x14, 0x03, 0x21, 0x18, 0x31, 0x38, 
    0x00, 0x10, 0x04, 0x03, 0xec, 0x17, 0x83, 0x53, 0x0c, 0x88, 0x60, 0x38, 
    0x22, 0x08, 0x3f, 0xe1, 0x9b, 0x65, 0xf0, 0x87, 0x7f, 0x08, 0xcc, 0x10, 
    0xe8, 0x63, 0xc6, 0x40, 0x1f, 0x33, 0x08, 0xfa, 0xcc, 0x12, 0xfc, 0xc3, 
    0x40, 0x85, 0x61, 0xf8, 0x83, 0xd4, 0x0f, 0x03, 0x15, 0x86, 0xe1, 0x0f, 
    0x52, 0x3f, 0x0c, 0x54, 0x18, 0x86, 0x3f, 0x48, 0xfd, 0x30, 0x62, 0x60, 
    0x00, 0x20, 0x08, 0x06, 0x91, 0x3a, 0x06, 0xac, 0x18, 0x0c, 0x23, 0x06, 
    0x06, 0x00, 0x82, 0x60, 0x10, 0xad, 0x63, 0xd0, 0x8a, 0xc1, 0x30, 0x62, 
    0x60, 0x00, 0x20, 0x08, 0x06, 0x11, 0x3b, 0x06, 0xae, 0x18, 0x0c, 0xb3, 
    0x04, 0x27, 0x31, 0xdc, 0xc0, 0xfd, 0x62, 0x20, 0x06, 0x23, 0x06, 0x07, 
    0x00, 0x82, 0x60, 0x80, 0xad, 0x63, 0x30, 0x8b, 0x81, 0x3d, 0xac, 0xdf, 
    0x88, 0xc1, 0x01, 0x80, 0x20, 0x18, 0x60, 0xec, 0x18, 0xd0, 0x62, 0x60, 
    0x0f, 0xec, 0x37, 0x62, 0x70, 0x00, 0x20, 0x08, 0x06, 0x58, 0x3b, 0x06, 
    0xb5, 0x18, 0xd8, 0x43, 0xfb, 0x8d, 0x18, 0x1c, 0x00, 0x08, 0x82, 0x01, 
    0xe6, 0x8e, 0x81, 0x2d, 0x06, 0x42, 0x30, 0x62, 0x70, 0x00, 0x20, 0x08, 
    0x06, 0xd8, 0x3b, 0x06, 0xb7, 0x18, 0x10, 0xc1, 0x70, 0x44, 0x30, 0x7f, 
    0xca, 0x37, 0xcb, 0x10, 0x12, 0x25, 0x71, 0xcc, 0x32, 0x88, 0xc4, 0x49, 
    0x04, 0xc3, 0x11, 0xc2, 0x1c, 0x06, 0xca, 0x37, 0xcb, 0x30, 0x12, 0x24, 
    0x11, 0xd8, 0xe0, 0x86, 0x01, 0x7c, 0x2c, 0x48, 0xc3, 0x40, 0x3e, 0x16, 
    0x04, 0xf2, 0xb1, 0xc0, 0xfe, 0xe0, 0x33, 0x62, 0x60, 0x00, 0x20, 0x08, 
    0x06, 0x51, 0x3e, 0x06, 0xaf, 0x18, 0x04, 0x16, 0x14, 0xf2, 0xb1, 0x40, 
    0x0f, 0x03, 0xf8, 0xcc, 0x12, 0x90, 0xc4, 0x40, 0x85, 0x21, 0x8c, 0x04, 
    0x25, 0x12, 0x16, 0x2c, 0xf4, 0xb1, 0x00, 0x92, 0x8f, 0x09, 0x90, 0x7c, 
    0x6c, 0x80, 0xe4, 0x33, 0x4b, 0x70, 0x12, 0xb3, 0x0c, 0x26, 0x71, 0x12, 
    0x8e, 0x3d, 0x8f, 0x7c, 0x2c, 0x00, 0xc1, 0x00, 0x3e, 0x23, 0x06, 0x06, 
    0x00, 0x82, 0x60, 0x10, 0x8d, 0x64, 0x90, 0x8b, 0x41, 0x60, 0x81, 0x24, 
    0x1f, 0x0b, 0x26, 0xfa, 0x58, 0x80, 0xc9, 0xc7, 0x04, 0x4c, 0x3e, 0x36, 
    0x60, 0xf2, 0x99, 0x25, 0x38, 0x89, 0x81, 0x1a, 0xc3, 0x1e, 0xf2, 0xc1, 
    0x0f, 0xfe, 0xc1, 0x22, 0x09, 0x3b, 0x08, 0x09, 0xc3, 0x24, 0xec, 0xa0, 
    0x24, 0x06, 0x6a, 0x0c, 0x7b, 0xc8, 0x07, 0x3f, 0xf8, 0x07, 0x8b, 0x24, 
    0xec, 0x20, 0x24, 0x0c, 0x93, 0xb0, 0x83, 0x92, 0x18, 0xa8, 0x31, 0xec, 
    0x21, 0x1f, 0xfc, 0xe0, 0x1f, 0x2c, 0x92, 0xb0, 0x83, 0x90, 0x30, 0x4c, 
    0xc2, 0x0e, 0x4a, 0x62, 0xc4, 0x60, 0x01, 0x40, 0x10, 0x0c, 0x34, 0x94, 
    0x0c, 0xca, 0x31, 0x18, 0x84, 0x60, 0x16, 0x03, 0x59, 0x0c, 0x62, 0x31, 
    0x30, 0x42, 0x2f, 0xe0, 0x63, 0x84, 0x5e, 0xc0, 0xc7, 0x08, 0xbd, 0x80, 
    0xcf, 0x2c, 0x03, 0x4a, 0xd4, 0xc4, 0xbf, 0x0c, 0x47, 0xf4, 0x05, 0x0c, 
    0x06, 0xc2, 0x37, 0xcb, 0xb0, 0x12, 0x29, 0x11, 0x0c, 0x47, 0xf8, 0x05, 
    0x1f, 0x06, 0xc4, 0x37, 0xcb, 0xa0, 0x12, 0x2c, 0x11, 0x18, 0x1f, 0x06, 
    0x49, 0x7c, 0x2c, 0x00, 0x0d, 0xfa, 0x8c, 0x18, 0x1c, 0x00, 0x08, 0x82, 
    0x01, 0x16, 0x93, 0xc1, 0x3c, 0x06, 0x32, 0x18, 0x04, 0xb3, 0x04, 0x2c, 
    0x61, 0x33, 0x18, 0x30, 0xf1, 0xb1, 0x60, 0x34, 0xe8, 0x33, 0x62, 0x70, 
    0x00, 0x20, 0x08, 0x06, 0x18, 0x4d, 0x06, 0xf6, 0x18, 0xd4, 0x60, 0x10, 
    0xcc, 0x12, 0xb0, 0xc4, 0x40, 0x87, 0x21, 0xac, 0x04, 0xa2, 0x12, 0x6c, 
    0x28, 0xa4, 0xc4, 0x70, 0x44, 0x69, 0xe4, 0x60, 0x20, 0x7c, 0xb3, 0x0c, 
    0x2f, 0xd1, 0x12, 0xc1, 0x70, 0x84, 0x69, 0x94, 0x62, 0x40, 0x7c, 0xb3, 
    0x0c, 0x2e, 0x01, 0x13, 0x81, 0x95, 0x62, 0x10, 0xc5, 0xc7, 0x02, 0xd4, 
    0xa0, 0xcf, 0x88, 0xc1, 0x01, 0x80, 0x20, 0x18, 0x60, 0x3a, 0x19, 0xf0, 
    0x63, 0x50, 0x04, 0xb3, 0x04, 0x30, 0x61, 0x3c, 0x18, 0x50, 0xf1, 0xb1, 
    0x60, 0x35, 0xe8, 0x33, 0x62, 0x70, 0x00, 0x20, 0x08, 0x06, 0x58, 0x4f, 
    0x06, 0xff, 0x18, 0x20, 0xc1, 0x2c, 0x01, 0x4c, 0x0c, 0x74, 0x18, 0xc2, 
    0x4b, 0x20, 0x2e, 0x21, 0xb5, 0xc4, 0x70, 0x44, 0x6b, 0x88, 0x61, 0x20, 
    0x7c, 0xb3, 0x0c, 0x33, 0x11, 0x13, 0xc1, 0x70, 0x84, 0x6b, 0xb8, 0x62, 
    0x40, 0x7c, 0xb3, 0x0c, 0x32, 0x41, 0x13, 0x81, 0xb9, 0x62, 0x90, 0xc5, 
    0xc7, 0x02, 0xd8, 0xa0, 0xcf, 0x88, 0xc1, 0x01, 0x80, 0x20, 0x18, 0x60, 
    0x63, 0x19, 0x94, 0x64, 0x50, 0x04, 0xb3, 0x04, 0x34, 0x61, 0x65, 0x18, 
    0x70, 0xf1, 0xb1, 0x60, 0x36, 0xe8, 0x33, 0x62, 0x70, 0x00, 0x20, 0x08, 
    0x06, 0x98, 0x59, 0x06, 0x28, 0x19, 0x20, 0xc1, 0x2c, 0x01, 0x4d, 0x0c, 
    0x74, 0x18, 0xc2, 0x4c, 0x20, 0x32, 0x21, 0xc5, 0xc4, 0x88, 0x81, 0x01, 
    0x80, 0x20, 0x18, 0x44, 0x6b, 0x19, 0xb4, 0x64, 0x10, 0x58, 0x90, 0x1b, 
    0xf2, 0x31, 0x21, 0x37, 0xe4, 0x63, 0x43, 0x6e, 0xc8, 0xc7, 0x06, 0x33, 
    0x80, 0x8f, 0x0d, 0x66, 0x00, 0x1f, 0x1b, 0xcc, 0x00, 0x3e, 0xb3, 0x04, 
    0x35, 0x31, 0xd0, 0x61, 0xe0, 0xcd, 0x3d, 0x18, 0x34, 0xa1, 0x0a, 0x27, 
    0x31, 0xd0, 0x61, 0xe0, 0xcd, 0x3d, 0x18, 0x34, 0xa1, 0x0a, 0x27, 0x31, 
    0xd0, 0x61, 0xe0, 0xcd, 0x3d, 0x18, 0x34, 0xa1, 0x0a, 0x27, 0x31, 0xd0, 
    0x61, 0xc8, 0xcb, 0x3d, 0xc8, 0x02, 0x4d, 0xc8, 0xc2, 0x49, 0x8c, 0x18, 
    0x2c, 0x00, 0x08, 0x82, 0x81, 0x26, 0x97, 0xc1, 0x4b, 0x06, 0xc4, 0x20, 
    0xf4, 0x63, 0xc0, 0x8f, 0xc1, 0x3e, 0x06, 0xc3, 0x11, 0xc1, 0x2b, 0x06, 
    0xca, 0x37, 0xcb, 0x60, 0x13, 0x64, 0x11, 0x0c, 0x47, 0xf4, 0xc5, 0x40, 
    0x7c, 0xb3, 0x0c, 0x37, 0x81, 0x13, 0xc1, 0x88, 0xc1, 0x01, 0x80, 0x20, 
    0x18, 0x60, 0x76, 0x19, 0xf8, 0x64, 0x40, 0xe4, 0x61, 0x60, 0x7f, 0x11, 
    0xd0, 0x67, 0x96, 0x20, 0x27, 0x0c, 0x34, 0x8c, 0xf8, 0x8c, 0x18, 0x1c, 
    0x00, 0x08, 0x82, 0x01, 0x96, 0x97, 0x41, 0x58, 0x06, 0x79, 0x18, 0x04, 
    0x16, 0x1c, 0xf0, 0xb1, 0x00, 0xa1, 0xcf, 0x2c, 0x41, 0x4e, 0x0c, 0x54, 
    0x18, 0xca, 0x4d, 0x08, 0x38, 0x31, 0x62, 0x70, 0x00, 0x20, 0x08, 0x06, 
    0x60, 0xa0, 0x97, 0xc1, 0x58, 0x06, 0x73, 0x18, 0xd8, 0x65, 0x30, 0x9a, 
    0x10, 0x00, 0x23, 0x06, 0x06, 0x00, 0x82, 0x60, 0x10, 0x89, 0x66, 0x40, 
    0x96, 0x41, 0x60, 0x44, 0x24, 0x1f, 0x2b, 0x22, 0xf9, 0x98, 0x11, 0xc9, 
    0xc7, 0x86, 0x77, 0x0c, 0xe4, 0x33, 0x62, 0x80, 0x00, 0x20, 0x08, 0x06, 
    0x65, 0xf0, 0x97, 0xc1, 0x5a, 0x06, 0xef, 0x18, 0x0c, 0xc1, 0x88, 0x01, 
    0x02, 0x80, 0x20, 0x18, 0x94, 0x01, 0x68, 0x06, 0x6c, 0x19, 0xbc, 0x63, 
    0x30, 0x04, 0x66, 0xbc, 0x63, 0x20, 0x9f, 0x11, 0x03, 0x04, 0x00, 0x41, 
    0x30, 0x28, 0x03, 0xd1, 0x0c, 0xdc, 0x32, 0x78, 0xc7, 0xc0, 0x08, 0x46, 
    0x0c, 0x10, 0x00, 0x04, 0xc1, 0xa0, 0x0c, 0x46, 0x33, 0x78, 0xcb, 0xe0, 
    0x1d, 0x03, 0x23, 0xb0, 0xe4, 0x1d, 0x03, 0xf9, 0x8c, 0x18, 0x20, 0x00, 
    0x08, 0x82, 0x41, 0x19, 0x94, 0x66, 0x10, 0x97, 0xc1, 0x3b, 0x06, 0x49, 
    0x30, 0x62, 0x80, 0x00, 0x20, 0x08, 0x06, 0x65, 0x60, 0x9a, 0x81, 0x5c, 
    0x06, 0xef, 0x18, 0x24, 0xc1, 0x70, 0xc4, 0xc1, 0x8a, 0x81, 0xf0, 0x0d, 
    0x47, 0x14, 0xad, 0x18, 0x08, 0xdf, 0x70, 0xc4, 0xe0, 0x8a, 0x81, 0xf0, 
    0x0d, 0x47, 0x28, 0xaf, 0x18, 0x10, 0xdf, 0x70, 0x04, 0x02, 0x8b, 0x01, 
    0xf1, 0x0d, 0x47, 0x18, 0xb1, 0x18, 0x10, 0xdf, 0x19, 0x43, 0x9c, 0x31, 
    0xc4, 0x19, 0x43, 0x9c, 0x31, 0xc4, 0x19, 0x43, 0x9c, 0x31, 0x84, 0x19, 
    0x43, 0x08, 0xcc, 0x18, 0x42, 0x60, 0xc6, 0x10, 0x82, 0x1b, 0x0c, 0xbb, 
    0xc1, 0xb0, 0x1b, 0x0c, 0x1b, 0x31, 0x30, 0x00, 0x10, 0x04, 0x83, 0x28, 
    0x3c, 0x03, 0xda, 0x0c, 0xb2, 0x11, 0x03, 0x03, 0x00, 0x41, 0x30, 0x88, 
    0xc4, 0x33, 0xa8, 0xcd, 0xe0, 0x1a, 0x31, 0x30, 0x00, 0x10, 0x04, 0x83, 
    0x68, 0x3c, 0x03, 0xdb, 0x0c, 0xaa, 0x11, 0x03, 0x03, 0x00, 0x41, 0x30, 
    0x88, 0xc8, 0x33, 0x20, 0xcd, 0x60, 0x18, 0x31, 0x30, 0x00, 0x10, 0x04, 
    0x83, 0xa8, 0x3c, 0x83, 0xd2, 0x0c, 0x86, 0x11, 0x03, 0x03, 0x00, 0x41, 
    0x30, 0x88, 0xcc, 0x33, 0x30, 0xcd, 0x60, 0xb0, 0xa1, 0x2c, 0x03, 0xf9, 
    0xd8, 0x60, 0x96, 0x81, 0x7c, 0x6c, 0x38, 0xcb, 0x40, 0x3e, 0x23, 0x06, 
    0x06, 0x00, 0x82, 0x60, 0x10, 0xa9, 0x67, 0xb0, 0x9a, 0xc1, 0x30, 0x62, 
    0x60, 0x00, 0x20, 0x08, 0x06, 0xd1, 0x7a, 0x06, 0xac, 0x19, 0x0c, 0x23, 
    0x06, 0x06, 0x00, 0x82, 0x60, 0x10, 0xb1, 0x67, 0xd0, 0x9a, 0xc1, 0x60, 
    0xc3, 0x23, 0x1f, 0x1b, 0x1e, 0xf9, 0xd8, 0xf0, 0xc8, 0xc7, 0x86, 0x93, 
    0x0c, 0xe4, 0x33, 0x62, 0x80, 0x00, 0x20, 0x08, 0x06, 0x65, 0x90, 0x9e, 
    0x41, 0x6d, 0x06, 0x27, 0x19, 0x0c, 0xc1, 0x88, 0x01, 0x02, 0x80, 0x20, 
    0x18, 0x94, 0x81, 0x7a, 0x06, 0xb6, 0x19, 0x9c, 0x64, 0x30, 0x04, 0x66, 
    0xcc, 0x64, 0x20, 0x9f, 0x11, 0x03, 0x04, 0x00, 0x41, 0x30, 0x28, 0x03, 
    0xf6, 0x0c, 0x70, 0x33, 0x98, 0xc9, 0xc0, 0x08, 0x46, 0x0c, 0x10, 0x00, 
    0x04, 0xc1, 0xa0, 0x0c, 0xda, 0x33, 0xc8, 0xcd, 0x60, 0x26, 0x03, 0x23, 
    0xb0, 0x64, 0x26, 0x03, 0xf9, 0x8c, 0x18, 0x20, 0x00, 0x08, 0x82, 0x41, 
    0x19, 0xbc, 0x67, 0xb0, 0x9b, 0xc1, 0x4c, 0x06, 0x49, 0x30, 0x62, 0x80, 
    0x00, 0x20, 0x08, 0x06, 0x65, 0x00, 0x9f, 0x01, 0x6f, 0x06, 0x33, 0x19, 
    0x24, 0x81, 0x9d, 0x82, 0x58, 0x06, 0xf2, 0x19, 0x31, 0x40, 0x00, 0x10, 
    0x04, 0x83, 0x32, 0x90, 0xcf, 0xc0, 0x37, 0x03, 0xb1, 0x0c, 0x4e, 0x21, 
    0x18, 0x31, 0x40, 0x00, 0x10, 0x04, 0x83, 0x32, 0x98, 0xcf, 0xe0, 0x37, 
    0x03, 0xb1, 0x0c, 0x4e, 0x21, 0x30, 0x55, 0x10, 0xcb, 0x40, 0x3e, 0x23, 
    0x06, 0x08, 0x00, 0x82, 0x60, 0x50, 0x06, 0xf5, 0x19, 0x84, 0x67, 0x20, 
    0x96, 0x81, 0x2a, 0x04, 0x23, 0x06, 0x08, 0x00, 0x82, 0x60, 0x50, 0x06, 
    0xf6, 0x19, 0x88, 0x67, 0x20, 0x96, 0x81, 0x2a, 0x04, 0xd6, 0x0a, 0x62, 
    0x19, 0xc8, 0x67, 0xc4, 0x00, 0x01, 0x40, 0x10, 0x0c, 0xca, 0x00, 0x3f, 
    0x03, 0xf2, 0x0c, 0xc4, 0x32, 0x68, 0x85, 0x60, 0xc4, 0x00, 0x01, 0x40, 
    0x10, 0x0c, 0xca, 0x20, 0x3f, 0x83, 0xf2, 0x0c, 0xc4, 0x32, 0x68, 0x85, 
    0x60, 0x38, 0xe2, 0xf8, 0xc7, 0x40, 0xf8, 0x86, 0x23, 0x0a, 0x90, 0x0c, 
    0x84, 0x6f, 0x38, 0x62, 0x08, 0xc9, 0x40, 0xf8, 0x86, 0x23, 0x14, 0x91, 
    0x0c, 0x88, 0x6f, 0x38, 0x02, 0x19, 0xc9, 0x80, 0xf8, 0x86, 0x23, 0x0c, 
    0x92, 0x0c, 0x88, 0xef, 0x8c, 0x21, 0xce, 0x18, 0xe2, 0x8c, 0x21, 0xce, 
    0x18, 0xe2, 0x8c, 0x21, 0xce, 0x18, 0xc2, 0x8c, 0x21, 0x04, 0x66, 0x0c, 
    0x21, 0x30, 0x63, 0x08, 0xc1, 0x0d, 0x86, 0xdd, 0x60, 0xd8, 0x0d, 0x86, 
    0x8d, 0x18, 0x18, 0x00, 0x08, 0x82, 0x41, 0x44, 0xa3, 0xc1, 0x89, 0x06, 
    0xd9, 0x88, 0x81, 0x01, 0x80, 0x20, 0x18, 0x44, 0x35, 0x1a, 0xa0, 0x68, 
    0x70, 0x8d, 0x18, 0x18, 0x00, 0x08, 0x82, 0x41, 0x64, 0xa3, 0x41, 0x8a, 
    0x06, 0xd5, 0x88, 0x81, 0x01, 0x80, 0x20, 0x18, 0x44, 0x37, 0x1a, 0xdc, 
    0x67, 0x30, 0x8c, 0x18, 0x18, 0x00, 0x08, 0x82, 0x41, 0x84, 0xa3, 0x01, 
    0x7e, 0x06, 0xc3, 0x88, 0x81, 0x01, 0x80, 0x20, 0x18, 0x44, 0x39, 0x1a, 
    0xe4, 0x67, 0x30, 0xd8, 0x80, 0x9b, 0x81, 0x7c, 0x6c, 0xc8, 0xcd, 0x40, 
    0x3e, 0x36, 0xe8, 0x66, 0x20, 0x9f, 0x11, 0x03, 0x03, 0x00, 0x41, 0x30, 
    0x88, 0x7a, 0x34, 0xf0, 0xcf, 0x60, 0x18, 0x31, 0x30, 0x00, 0x10, 0x04, 
    0x83, 0xc8, 0x47, 0x83, 0xff, 0x0c, 0x86, 0x11, 0x03, 0x03, 0x00, 0x41, 
    0x30, 0x88, 0x7e, 0x34, 0x00, 0xd1, 0x60, 0xb0, 0xe1, 0x91, 0x8f, 0x0d, 
    0x8f, 0x7c, 0x6c, 0x78, 0xe4, 0x63, 0xc3, 0x68, 0x06, 0xf2, 0x19, 0x31, 
    0x40, 0x00, 0x10, 0x04, 0x83, 0x32, 0xe0, 0xd1, 0x00, 0x45, 0x83, 0xd1, 
    0x0c, 0x86, 0x60, 0xc4, 0x00, 0x01, 0x40, 0x10, 0x0c, 0xca, 0xa0, 0x47, 
    0x83, 0x14, 0x0d, 0x46, 0x33, 0x18, 0x02, 0x33, 0x46, 0x33, 0x90, 0xcf, 
    0x88, 0x01, 0x02, 0x80, 0x20, 0x18, 0x94, 0xc1, 0x8f, 0x06, 0x2b, 0x1a, 
    0x8c, 0x66, 0x60, 0x04, 0x23, 0x06, 0x08, 0x00, 0x82, 0x60, 0x50, 0x06, 
    0x60, 0x1a, 0xb0, 0x68, 0x30, 0x9a, 0x81, 0x11, 0x18, 0x1d, 0xd0, 0x81, 
    0x7c, 0x4c, 0x0e, 0xe4, 0x40, 0x3e, 0x16, 0x08, 0xf0, 0x19, 0x31, 0x30, 
    0x00, 0x10, 0x04, 0x83, 0x88, 0x4d, 0x83, 0x10, 0x0d, 0x02, 0x43, 0x10, 
    0xf9, 0x98, 0x61, 0xc8, 0xc7, 0x02, 0x01, 0x3e, 0x23, 0x06, 0x06, 0x00, 
    0x82, 0x60, 0x10, 0xc1, 0x69, 0x50, 0xa2, 0x41, 0x30, 0x1c, 0x11, 0xa4, 
    0x66, 0x20, 0x7c, 0xd6, 0x08, 0xf4, 0xb1, 0x65, 0xa0, 0xcf, 0x74, 0x83, 
    0x10, 0x97, 0xc1, 0x30, 0xdd, 0x20, 0xc8, 0x65, 0x40, 0x98, 0xa0, 0xc8, 
    0xc7, 0x84, 0x45, 0x3e, 0x23, 0x06, 0x08, 0x00, 0x82, 0x60, 0x50, 0x06, 
    0x70, 0x1a, 0xf0, 0x68, 0xc0, 0x9a, 0x81, 0x60, 0x0a, 0x23, 0x06, 0x08, 
    0x00, 0x82, 0x60, 0x50, 0x06, 0x71, 0x1a, 0xf4, 0x68, 0xc0, 0x9a, 0x81, 
    0x10, 0x8c, 0x18, 0x20, 0x00, 0x08, 0x82, 0x41, 0x19, 0xc8, 0x69, 0xe0, 
    0xa3, 0x01, 0x6b, 0x06, 0x04, 0x2a, 0x8c, 0x18, 0x20, 0x00, 0x08, 0x82, 
    0x41, 0x19, 0xcc, 0x69, 0xf0, 0xa3, 0x01, 0x6b, 0x06, 0x44, 0x30, 0x62, 
    0x80, 0x00, 0x20, 0x08, 0x06, 0x65, 0x40, 0xa7, 0x01, 0x98, 0x06, 0xac, 
    0x19, 0x18, 0xaa, 0x30, 0x62, 0x80, 0x00, 0x20, 0x08, 0x06, 0x65, 0x50, 
    0xa7, 0x41, 0x98, 0x06, 0xac, 0x19, 0x18, 0x81, 0x15, 0x85, 0x7c, 0x8c, 
    0x20, 0xe4, 0x63, 0xc3, 0x20, 0x1f, 0x1b, 0x10, 0xf9, 0xd8, 0x70, 0xc8, 
    0xc7, 0x06, 0x43, 0x3e, 0x36, 0xc8, 0x66, 0x20, 0x9f, 0x11, 0x03, 0x04, 
    0x00, 0x41, 0x30, 0x28, 0x83, 0x3e, 0x0d, 0xd2, 0x34, 0x90, 0xcd, 0x60, 
    0x08, 0x46, 0x0c, 0x10, 0x00, 0x04, 0xc1, 0xa0, 0x0c, 0xfc, 0x34, 0x50, 
    0xd3, 0x40, 0x36, 0x83, 0x21, 0x30, 0x43, 0x36, 0x03, 0xf9, 0x8c, 0x18, 
    0x20, 0x00, 0x08, 0x82, 0x41, 0x19, 0x80, 0x6a, 0xc0, 0xa6, 0x81, 0x6c, 
    0x06, 0x46, 0x30, 0x62, 0x80, 0x00, 0x20, 0x08, 0x06, 0x65, 0x10, 0xaa, 
    0x41, 0x9b, 0x06, 0xb2, 0x19, 0x18, 0x81, 0x25, 0xb2, 0x19, 0xc8, 0x67, 
    0xc4, 0x00, 0x01, 0x40, 0x10, 0x0c, 0xca, 0x60, 0x54, 0x83, 0x37, 0x0d, 
    0x64, 0x33, 0x48, 0x82, 0x11, 0x03, 0x04, 0x00, 0x41, 0x30, 0x28, 0x03, 
    0x52, 0x0d, 0xe0, 0x34, 0x90, 0xcd, 0x20, 0x09, 0x46, 0x0c, 0x0c, 0x00, 
    0x04, 0xc1, 0xa0, 0x43, 0xd5, 0x00, 0x4d, 0x83, 0x63, 0xba, 0x01, 0x59, 
    0xcd, 0x20, 0x18, 0x31, 0x30, 0x00, 0x10, 0x04, 0x83, 0x4e, 0x55, 0x03, 
    0x35, 0x0d, 0x8c, 0xe9, 0x86, 0xa3, 0x35, 0x83, 0x60, 0xc4, 0xc0, 0x00, 
    0x40, 0x10, 0x0c, 0x3a, 0x56, 0x0d, 0xd8, 0x34, 0x28, 0xa6, 0x1b, 0x8c, 
    0xd7, 0x0c, 0x82, 0x11, 0x83, 0x05, 0x00, 0x41, 0x30, 0xd0, 0x5e, 0x35, 
    0x60, 0xd3, 0xa0, 0x18, 0x02, 0x1d, 0x0d, 0x72, 0x34, 0xc0, 0xd1, 0x60, 
    0x38, 0x22, 0xb0, 0xcd, 0x40, 0xf8, 0x66, 0x19, 0x74, 0x22, 0x2c, 0x02, 
    0x13, 0x58, 0x34, 0x90, 0x8f, 0x0d, 0x2c, 0x1a, 0xc8, 0xc7, 0x08, 0x16, 
    0x0d, 0xe4, 0x33, 0x1c, 0xa1, 0xd4, 0x66, 0x40, 0x7c, 0xc3, 0x11, 0xc4, 
    0x22, 0x7c, 0x25, 0x04, 0x3a, 0xcb, 0xb0, 0x13, 0x3c, 0x11, 0x98, 0xd1, 
    0xc4, 0x67, 0xc4, 0xc0, 0x00, 0x40, 0x10, 0x0c, 0x22, 0x5e, 0x0d, 0x5e, 
    0x35, 0x08, 0x86, 0x23, 0x82, 0xdf, 0x0c, 0x84, 0xcf, 0x92, 0x81, 0x3e, 
    0xd3, 0x0d, 0x41, 0x6f, 0x06, 0xc2, 0x88, 0xc1, 0x01, 0x80, 0x20, 0x18, 
    0x60, 0xbd, 0x1a, 0xfc, 0x69, 0xe0, 0x9b, 0x41, 0x30, 0x4b, 0xc0, 0x13, 
    0x03, 0x15, 0x86, 0xb0, 0x13, 0x7e, 0x2b, 0xe8, 0xc4, 0x70, 0x84, 0xf4, 
    0x9b, 0x01, 0xf1, 0x0d, 0x47, 0x34, 0x93, 0xf0, 0x95, 0x10, 0xe8, 0x2c, 
    0x43, 0x4f, 0xf8, 0x44, 0x60, 0x4f, 0x15, 0x9f, 0x11, 0x03, 0x03, 0x00, 
    0x41, 0x30, 0x88, 0xcc, 0x35, 0xc8, 0xd5, 0x20, 0x18, 0x8e, 0x08, 0xd2, 
    0x33, 0x10, 0x3e, 0x93, 0x06, 0xfa, 0x4c, 0x37, 0x04, 0xe7, 0x19, 0x08, 
    0x23, 0x06, 0x07, 0x00, 0x82, 0x60, 0x80, 0x9d, 0x6b, 0x90, 0xaa, 0x41, 
    0x12, 0xcc, 0x12, 0xf8, 0xc4, 0x40, 0x85, 0x21, 0xf4, 0x04, 0xc5, 0x13, 
    0xc3, 0x11, 0x5a, 0x7a, 0x06, 0xc4, 0x37, 0x1c, 0x61, 0x6d, 0xc2, 0x57, 
    0x42, 0xa0, 0xb3, 0x0c, 0x3f, 0x01, 0x16, 0x81, 0x61, 0x5d, 0x7c, 0x46, 
    0x0c, 0x0c, 0x00, 0x04, 0xc1, 0x20, 0x82, 0xd7, 0x60, 0x5c, 0x83, 0x60, 
    0x38, 0x22, 0x98, 0xcf, 0x40, 0xf8, 0x6c, 0x1b, 0xe8, 0x33, 0xdd, 0x10, 
    0xc4, 0x67, 0x20, 0x8c, 0x18, 0x1c, 0x00, 0x08, 0x82, 0x01, 0x16, 0xaf, 
    0xc1, 0xac, 0x06, 0x49, 0x30, 0x4b, 0x00, 0x16, 0x03, 0x15, 0x86, 0xf0, 
    0x13, 0x94, 0x4f, 0x8c, 0x18, 0x18, 0x00, 0x08, 0x82, 0x41, 0x17, 0xaf, 
    0x41, 0xac, 0x06, 0xc1, 0x74, 0x83, 0x50, 0x9f, 0x41, 0x30, 0x62, 0x60, 
    0x00, 0x20, 0x08, 0x06, 0x11, 0xbe, 0x06, 0xba, 0x1a, 0x04, 0xb3, 0x04, 
    0x61, 0x31, 0x50, 0x61, 0x08, 0x60, 0xe1, 0xbe, 0x42, 0x4e, 0x0c, 0x47, 
    0x04, 0xf8, 0x19, 0x30, 0xdf, 0x2c, 0x83, 0x58, 0x8c, 0x45, 0x30, 0x62, 
    0xb0, 0x00, 0x20, 0x08, 0x06, 0xda, 0xbd, 0x06, 0xb4, 0x1a, 0xd4, 0x81, 
    0x1c, 0xbc, 0x81, 0xa8, 0x06, 0xa1, 0x1a, 0x80, 0x6a, 0x60, 0xc1, 0x9c, 
    0x06, 0xf2, 0x31, 0x61, 0x4e, 0x03, 0xf9, 0xd8, 0x30, 0xa7, 0x81, 0x7c, 
    0x46, 0x0c, 0x0e, 0x00, 0x04, 0xc1, 0x00, 0xe3, 0xd7, 0x80, 0x5c, 0x83, 
    0x81, 0x3f, 0x83, 0x11, 0x83, 0x03, 0x00, 0x41, 0x30, 0xc0, 0xfa, 0x35, 
    0x28, 0xd7, 0x60, 0xe8, 0xcf, 0x60, 0xc4, 0xe0, 0x00, 0x40, 0x10, 0x0c, 
    0x30, 0x7f, 0x0d, 0xcc, 0x35, 0x18, 0xfc, 0x33, 0x30, 0x3e, 0x30, 0xe2, 
    0x63, 0x7a, 0x60, 0xc4, 0xc7, 0xf0, 0xc0, 0x88, 0x8f, 0x0d, 0x8c, 0x7c, 
    0x6c, 0x68, 0xe4, 0x63, 0x83, 0x23, 0x1f, 0x1b, 0x18, 0xf8, 0xd8, 0xc0, 
    0xc0, 0xc7, 0x06, 0x06, 0x3e, 0x23, 0x06, 0x06, 0x00, 0x82, 0x60, 0xd0, 
    0x99, 0x6c, 0x60, 0xae, 0xc1, 0x30, 0xdd, 0x40, 0x34, 0xc1, 0x88, 0x81, 
    0x01, 0x80, 0x20, 0x18, 0x74, 0x28, 0x1b, 0xa0, 0x6b, 0x40, 0x4c, 0x37, 
    0x14, 0x4e, 0x30, 0x62, 0x60, 0x00, 0x20, 0x08, 0x06, 0x9d, 0xca, 0x06, 
    0xea, 0x1a, 0x14, 0xd3, 0x0d, 0xc6, 0x13, 0xcc, 0x12, 0x8c, 0xc5, 0x40, 
    0x85, 0xa1, 0x88, 0x85, 0x4d, 0x84, 0xc5, 0x40, 0x85, 0x81, 0x88, 0x85, 
    0x4c, 0x84, 0xc5, 0x40, 0x85, 0x61, 0x88, 0x85, 0x4b, 0x84, 0x85, 0x0d, 
    0x3c, 0x13, 0x1f, 0x1b, 0x78, 0x26, 0x3e, 0x36, 0xf0, 0x4c, 0x7c, 0x6c, 
    0xa8, 0x0d, 0xf9, 0xd8, 0x60, 0x1b, 0xf2, 0xb1, 0xe1, 0x36, 0xe4, 0x63, 
    0x83, 0xd8, 0xc0, 0xc7, 0x06, 0xb1, 0x81, 0x8f, 0x0d, 0x62, 0x03, 0x9f, 
    0x59, 0x02, 0xb2, 0x18, 0xa8, 0x30, 0x8c, 0xb1, 0x50, 0xb5, 0x9a, 0x18, 
    0xa8, 0x30, 0x8c, 0xb1, 0x50, 0xb5, 0x9a, 0x18, 0xa8, 0x30, 0x8c, 0xb1, 
    0x50, 0xb5, 0x9a, 0x18, 0x31, 0x58, 0x00, 0x10, 0x04, 0x03, 0x8d, 0x67, 
    0x83, 0x7c, 0x0d, 0x06, 0x21, 0x38, 0xd7, 0xc0, 0x5c, 0x83, 0x72, 0x0d, 
    0x2c, 0x30, 0xd3, 0x00, 0x3e, 0x76, 0x36, 0x67, 0x1a, 0xc0, 0xc7, 0x84, 
    0x80, 0x3e, 0x23, 0x06, 0x07, 0x00, 0x82, 0x60, 0x00, 0x06, 0x3e, 0x1b, 
    0x9c, 0x6c, 0x70, 0xa3, 0x81, 0xce, 0x06, 0xa3, 0x09, 0x01, 0x60, 0x41, 
    0x9a, 0x06, 0xf0, 0x19, 0x31, 0x38, 0x00, 0x10, 0x04, 0x03, 0x8c, 0x6c, 
    0x03, 0x96, 0x0d, 0x02, 0x32, 0x0d, 0x2c, 0x30, 0xd3, 0x00, 0x3e, 0x23, 
    0x06, 0x07, 0x00, 0x82, 0x60, 0x80, 0x99, 0x6d, 0xe0, 0xb2, 0x81, 0x91, 
    0xa6, 0xc1, 0x88, 0x81, 0x01, 0x80, 0x20, 0x18, 0x44, 0x6a, 0x1b, 0xa8, 
    0x6c, 0x10, 0x58, 0x30, 0xc8, 0x67, 0xc4, 0xc0, 0x00, 0x40, 0x10, 0x0c, 
    0x22, 0xb6, 0x0d, 0x5a, 0x36, 0x08, 0x46, 0x13, 0x92, 0x61, 0xc4, 0xe0, 
    0x00, 0x40, 0x10, 0x0c, 0xb0, 0xb5, 0x0d, 0x66, 0x36, 0x08, 0xd8, 0x34, 
    0xb0, 0x36, 0x0d, 0x02, 0xfa, 0x8c, 0x18, 0x1c, 0x00, 0x08, 0x82, 0x01, 
    0xd6, 0xb6, 0x41, 0xcd, 0x06, 0x44, 0x30, 0x62, 0x70, 0x00, 0x20, 0x08, 
    0x06, 0x98, 0xdb, 0x06, 0x30, 0x1b, 0x04, 0x83, 0x05, 0x09, 0x7d, 0x2c, 
    0xb0, 0xe4, 0x63, 0x82, 0x25, 0x1f, 0x1b, 0x2c, 0xf9, 0x8c, 0x26, 0x48, 
    0xc1, 0x88, 0xc1, 0x01, 0x80, 0x20, 0x18, 0x60, 0x74, 0x1b, 0xd8, 0x6c, 
    0x10, 0xd4, 0x69, 0x60, 0x07, 0xe8, 0xc8, 0xc7, 0x10, 0xd0, 0x91, 0x8f, 
    0x25, 0xa0, 0x23, 0x1f, 0x43, 0x86, 0xf8, 0x18, 0x32, 0xc4, 0xc7, 0x90, 
    0x21, 0x3e, 0x36, 0x1c, 0xf2, 0xb1, 0x01, 0x91, 0x8f, 0x0d, 0x89, 0x7c, 
    0x6c, 0x48, 0xe0, 0x63, 0x43, 0x02, 0x1f, 0x1b, 0x12, 0xf8, 0x0c, 0x47, 
    0x38, 0xa2, 0x1a, 0x08, 0xdf, 0x2c, 0x43, 0x59, 0xbc, 0x45, 0x30, 0x62, 
    0x70, 0x00, 0x20, 0x08, 0x06, 0x98, 0xe8, 0x06, 0x6a, 0x1b, 0x10, 0xa2, 
    0x1a, 0x8c, 0x18, 0x1c, 0x00, 0x08, 0x82, 0x01, 0x36, 0xba, 0xc1, 0xda, 
    0x06, 0xc4, 0xa8, 0x06, 0x23, 0x06, 0x07, 0x00, 0x82, 0x60, 0x80, 0x91, 
    0x6e, 0xc0, 0xb6, 0x01, 0x41, 0xaa, 0x81, 0x0d, 0xf1, 0x1a, 0xc8, 0x67, 
    0xc4, 0x00, 0x01, 0x40, 0x10, 0x0c, 0xca, 0x20, 0x74, 0x83, 0xb6, 0x0d, 
    0xe2, 0x35, 0x18, 0x82, 0x11, 0x03, 0x04, 0x00, 0x41, 0x30, 0x28, 0x03, 
    0xd1, 0x0d, 0xdc, 0x36, 0x88, 0xd7, 0x60, 0x08, 0xcc, 0x88, 0xd7, 0x40, 
    0x3e, 0x23, 0x06, 0x08, 0x00, 0x82, 0x60, 0x50, 0x06, 0xa4, 0x1b, 0xc0, 
    0x6d, 0x10, 0xaf, 0x81, 0x11, 0x8c, 0x18, 0x20, 0x00, 0x08, 0x82, 0x41, 
    0x19, 0x94, 0x6e, 0x10, 0xb7, 0x41, 0xbc, 0x06, 0x46, 0x60, 0x49, 0xbc, 
    0x06, 0xf2, 0x19, 0x31, 0x40, 0x00, 0x10, 0x04, 0x83, 0x32, 0x38, 0xdd, 
    0x60, 0x6e, 0x83, 0x78, 0x0d, 0x92, 0x60, 0xc4, 0x00, 0x01, 0x40, 0x10, 
    0x0c, 0xca, 0x00, 0x75, 0x03, 0xba, 0x0d, 0xe2, 0x35, 0x48, 0x82, 0xe1, 
    0x88, 0xc3, 0x55, 0x03, 0xe1, 0x1b, 0x8e, 0x28, 0x5e, 0x35, 0x10, 0xbe, 
    0xe1, 0x88, 0x01, 0x56, 0x03, 0xe1, 0x1b, 0x8e, 0x50, 0x62, 0x35, 0x20, 
    0xbe, 0xe1, 0x08, 0x44, 0x56, 0x03, 0xe2, 0x1b, 0x8e, 0x30, 0x66, 0x35, 
    0x20, 0xbe, 0x33, 0x86, 0x38, 0x63, 0x88, 0x33, 0x86, 0x38, 0x63, 0x88, 
    0x33, 0x86, 0x38, 0x63, 0x08, 0x33, 0x86, 0x10, 0x98, 0x31, 0x84, 0xc0, 
    0x8c, 0x21, 0x04, 0x37, 0x18, 0x76, 0x83, 0x61, 0x37, 0x18, 0x36, 0x62, 
    0x60, 0x00, 0x20, 0x08, 0x06, 0xd1, 0xf8, 0x06, 0xb6, 0x1b, 0x64, 0x23, 
    0x06, 0x06, 0x00, 0x82, 0x60, 0x10, 0x91, 0x6f, 0x70, 0xbb, 0xc1, 0x35, 
    0x62, 0x60, 0x00, 0x20, 0x08, 0x06, 0x51, 0xf9, 0x06, 0xb8, 0x1b, 0x54, 
    0x23, 0x06, 0x06, 0x00, 0x82, 0x60, 0x10, 0x99, 0x6f, 0x60, 0xba, 0xc1, 
    0x30, 0x62, 0x60, 0x00, 0x20, 0x08, 0x06, 0xd1, 0xf9, 0x06, 0xa7, 0x1b, 
    0x0c, 0x23, 0x06, 0x06, 0x00, 0x82, 0x60, 0x10, 0xa1, 0x6f, 0x80, 0xba, 
    0xc1, 0x60, 0xc3, 0xd9, 0x06, 0xf2, 0xb1, 0x01, 0x6d, 0x03, 0xf9, 0xd8, 
    0x90, 0xb6, 0x81, 0x7c, 0x46, 0x0c, 0x0c, 0x00, 0x04, 0xc1, 0x20, 0x62, 
    0xdf, 0xa0, 0x75, 0x83, 0x61, 0xc4, 0xc0, 0x00, 0x40, 0x10, 0x0c, 0xa2, 
    0xf6, 0x0d, 0x5c, 0x37, 0x18, 0x46, 0x0c, 0x0c, 0x00, 0x04, 0xc1, 0x20, 
    0x72, 0xdf, 0xe0, 0x75, 0x83, 0xc1, 0x86, 0x47, 0x3e, 0x36, 0x3c, 0xf2, 
    0xb1, 0xe1, 0x91, 0x8f, 0x0d, 0x29, 0x1b, 0xc8, 0x67, 0xc4, 0x00, 0x01, 
    0x40, 0x10, 0x0c, 0xca, 0x60, 0x7d, 0x83, 0xdb, 0x0d, 0x52, 0x36, 0x18, 
    0x82, 0x11, 0x03, 0x04, 0x00, 0x41, 0x30, 0x28, 0x03, 0xf6, 0x0d, 0x70, 
    0x37, 0x48, 0xd9, 0x60, 0x08, 0xcc, 0xa8, 0xd9, 0x40, 0x3e, 0x23, 0x06, 
    0x08, 0x00, 0x82, 0x60, 0x50, 0x06, 0xee, 0x1b, 0xe8, 0x6e, 0x50, 0xb3, 
    0x81, 0x11, 0x8c, 0x18, 0x20, 0x00, 0x08, 0x82, 0x41, 0x19, 0xbc, 0x6f, 
    0xb0, 0xbb, 0x41, 0xcd, 0x06, 0x46, 0x60, 0x49, 0xcd, 0x06, 0xf2, 0x19, 
    0x31, 0x40, 0x00, 0x10, 0x04, 0x83, 0x32, 0x88, 0xdf, 0xa0, 0x77, 0x83, 
    0x9a, 0x0d, 0x92, 0x60, 0xc4, 0x00, 0x01, 0x40, 0x10, 0x0c, 0xca, 0x40, 
    0x7e, 0x03, 0xdf, 0x0d, 0x6a, 0x36, 0x48, 0x02, 0x23, 0x4a, 0x41, 0x3e, 
    0x26, 0x98, 0x82, 0x7c, 0x46, 0x0c, 0x10, 0x00, 0x04, 0xc1, 0xa0, 0x0c, 
    0xea, 0x37, 0x08, 0xdf, 0x20, 0x66, 0x03, 0x21, 0x19, 0x31, 0x40, 0x00, 
    0x10, 0x04, 0x83, 0x32, 0xb0, 0xdf, 0x40, 0x7c, 0x83, 0x98, 0x0d, 0x84, 
    0x60, 0xc4, 0x00, 0x01, 0x40, 0x10, 0x0c, 0xca, 0xe0, 0x7e, 0x83, 0xf1, 
    0x0d, 0x62, 0x36, 0x20, 0x96, 0x11, 0x03, 0x04, 0x00, 0x41, 0x30, 0x28, 
    0x03, 0xfc, 0x0d, 0xc8, 0x37, 0x88, 0xd9, 0x80, 0x08, 0x46, 0x0c, 0x10, 
    0x00, 0x04, 0xc1, 0xa0, 0x0c, 0xf2, 0x37, 0x28, 0xdf, 0x20, 0x66, 0x03, 
    0xa3, 0x19, 0x31, 0x40, 0x00, 0x10, 0x04, 0x83, 0x32, 0xd0, 0xdf, 0xc0, 
    0x7c, 0x83, 0x98, 0x0d, 0x8c, 0xc0, 0x8a, 0x42, 0x3e, 0x46, 0x10, 0xf2, 
    0xb1, 0x61, 0x90, 0x8f, 0x0d, 0x88, 0x7c, 0x6c, 0x38, 0xe4, 0x63, 0x83, 
    0x21, 0x1f, 0x1b, 0x6e, 0x36, 0x90, 0xcf, 0x88, 0x01, 0x02, 0x80, 0x20, 
    0x18, 0x94, 0x81, 0x08, 0x07, 0xee, 0x1b, 0xdc, 0x6c, 0x30, 0x04, 0x23, 
    0x06, 0x08, 0x00, 0x82, 0x60, 0x50, 0x06, 0x23, 0x1c, 0xbc, 0x6f, 0x70, 
    0xb3, 0xc1, 0x10, 0x98, 0x71, 0xb3, 0x81, 0x7c, 0x46, 0x0c, 0x10, 0x00, 
    0x04, 0xc1, 0xa0, 0x0c, 0x4a, 0x38, 0x88, 0xdf, 0xe0, 0x66, 0x03, 0x23, 
    0x18, 0x31, 0x40, 0x00, 0x10, 0x04, 0x83, 0x32, 0x30, 0xe1, 0x40, 0x7e, 
    0x83, 0x9b, 0x0d, 0x8c, 0xc0, 0x92, 0x9b, 0x0d, 0xe4, 0x33, 0x62, 0x80, 
    0x00, 0x20, 0x08, 0x06, 0x65, 0x80, 0xc2, 0x01, 0xfd, 0x06, 0x37, 0x1b, 
    0x24, 0xc1, 0x88, 0x01, 0x02, 0x80, 0x20, 0x18, 0x94, 0x41, 0x0a, 0x07, 
    0xf5, 0x1b, 0xdc, 0x6c, 0x90, 0x04, 0x23, 0x06, 0x06, 0x00, 0x82, 0x60, 
    0xd0, 0xb5, 0x70, 0xd0, 0xbe, 0xc1, 0x31, 0xdd, 0x80, 0xc0, 0x6c, 0x10, 
    0x8c, 0x18, 0x18, 0x00, 0x08, 0x82, 0x41, 0xf7, 0xc2, 0xc1, 0xfb, 0x06, 
    0xc6, 0x74, 0xc3, 0x21, 0xb3, 0x41, 0x30, 0x62, 0x60, 0x00, 0x20, 0x08, 
    0x06, 0x5d, 0x0c, 0x07, 0xf1, 0x1b, 0x14, 0xd3, 0x0d, 0x06, 0xcd, 0x06, 
    0xc1, 0x88, 0xc1, 0x02, 0x80, 0x20, 0x18, 0x68, 0x34, 0x1c, 0xc4, 0x6f, 
    0x50, 0x0c, 0xc1, 0xef, 0x06, 0xbe, 0x1b, 0xf4, 0x6e, 0x30, 0x1c, 0x11, 
    0xec, 0x6c, 0x20, 0x7c, 0xb3, 0x0c, 0x66, 0xd1, 0x16, 0x81, 0x09, 0xb1, 
    0x1b, 0xc8, 0xc7, 0x86, 0xd8, 0x0d, 0xe4, 0x63, 0x44, 0xec, 0x06, 0xf2, 
    0x19, 0x8e, 0x50, 0x74, 0x36, 0x20, 0xbe, 0xe1, 0x08, 0x62, 0x11, 0xbe, 
    0x12, 0x02, 0x9d, 0x65, 0x38, 0x0b, 0xb4, 0x08, 0xcc, 0x68, 0xe2, 0x33, 
    0x62, 0x60, 0x00, 0x20, 0x08, 0x06, 0x51, 0x18, 0x07, 0x34, 0x1c, 0x04, 
    0xc3, 0x11, 0x01, 0xd9, 0x06, 0xc2, 0x67, 0xc9, 0x40, 0x9f, 0xe9, 0x86, 
    0x40, 0x6c, 0x03, 0x61, 0xc4, 0xe0, 0x00, 0x40, 0x10, 0x0c, 0x30, 0x31, 
    0x0e, 0x48, 0x38, 0x18, 0xdb, 0x20, 0x98, 0x25, 0x40, 0x8b, 0x81, 0x0a, 
    0x43, 0x38, 0x0b, 0x54, 0x17, 0xcc, 0x62, 0x38, 0x42, 0x22, 0xdb, 0x80, 
    0xf8, 0x86, 0x23, 0x9a, 0x49, 0xf8, 0x4a, 0x08, 0x74, 0x96, 0x21, 0x2d, 
    0xd4, 0x22, 0xb0, 0xa7, 0x8a, 0xcf, 0x88, 0x81, 0x01, 0x80, 0x20, 0x18, 
    0x44, 0x6b, 0x1c, 0xf8, 0x70, 0x10, 0x0c, 0x47, 0x04, 0x6e, 0x1b, 0x08, 
    0x9f, 0x49, 0x03, 0x7d, 0xa6, 0x1b, 0x02, 0xb6, 0x0d, 0x84, 0x11, 0x83, 
    0x03, 0x00, 0x41, 0x30, 0xc0, 0xd8, 0x38, 0x70, 0xe1, 0x20, 0x09, 0x66, 
    0x09, 0xd4, 0x62, 0xa0, 0xc2, 0x10, 0xd2, 0x82, 0x42, 0x8b, 0xe1, 0x08, 
    0xcd, 0x6d, 0x03, 0xe2, 0x1b, 0x8e, 0xb0, 0x36, 0xe1, 0x2b, 0x21, 0xd0, 
    0x59, 0x86, 0xb5, 0x60, 0x8b, 0xc0, 0xb0, 0x2e, 0x3e, 0x23, 0x06, 0x06, 
    0x00, 0x82, 0x60, 0x10, 0xd5, 0x71, 0x80, 0xc6, 0x41, 0x30, 0x1c, 0x11, 
    0xe0, 0x6d, 0x20, 0x7c, 0xb6, 0x0d, 0xf4, 0x99, 0x6e, 0x08, 0xec, 0x36, 
    0x10, 0x46, 0x0c, 0x0e, 0x00, 0x04, 0xc1, 0x00, 0xb3, 0xe3, 0x00, 0x87, 
    0x83, 0x24, 0x98, 0x25, 0x60, 0x8b, 0x81, 0x0a, 0x43, 0x58, 0x0b, 0x4a, 
    0x2d, 0x46, 0x0c, 0x0c, 0x00, 0x04, 0xc1, 0xa0, 0xb3, 0xe3, 0xc0, 0x86, 
    0x83, 0x60, 0xba, 0x41, 0xd0, 0xdb, 0x20, 0x18, 0x31, 0x30, 0x00, 0x10, 
    0x04, 0x83, 0xa8, 0x8f, 0x83, 0x1f, 0x0e, 0x82, 0x59, 0x82, 0xb6, 0x18, 
    0xa8, 0x30, 0x04, 0xb6, 0xc0, 0x77, 0xa1, 0x2c, 0x86, 0x23, 0x82, 0xbe, 
    0x0d, 0x98, 0x6f, 0x96, 0xc1, 0x2d, 0xde, 0x22, 0x18, 0x31, 0x58, 0x00, 
    0x10, 0x04, 0x03, 0x8d, 0x8f, 0x83, 0x1c, 0x0e, 0xea, 0x40, 0x0e, 0xde, 
    0xe0, 0x84, 0x03, 0x13, 0x0e, 0x4a, 0x38, 0xb0, 0x00, 0x7f, 0x03, 0xf9, 
    0x98, 0x80, 0xbf, 0x81, 0x7c, 0x6c, 0xc0, 0xdf, 0x40, 0x3e, 0x23, 0x06, 
    0x07, 0x00, 0x82, 0x60, 0x80, 0x85, 0x72, 0x90, 0xc6, 0xc1, 0x10, 0xba, 
    0xc1, 0x88, 0xc1, 0x01, 0x80, 0x20, 0x18, 0x60, 0xa2, 0x1c, 0xa8, 0x71, 
    0x30, 0x88, 0x6e, 0x30, 0x62, 0x70, 0x00, 0x20, 0x08, 0x06, 0xd8, 0x28, 
    0x07, 0x6b, 0x1c, 0x0c, 0xa3, 0x1b, 0x18, 0x1f, 0x18, 0xf1, 0x31, 0x3d, 
    0x30, 0xe2, 0x63, 0x78, 0x60, 0xc4, 0xc7, 0x06, 0x46, 0x3e, 0x36, 0x34, 
    0xf2, 0xb1, 0xc1, 0x91, 0x8f, 0x0d, 0x0c, 0x7c, 0x6c, 0x60, 0xe0, 0x63, 
    0x03, 0x03, 0x9f, 0x11, 0x03, 0x03, 0x00, 0x41, 0x30, 0xe8, 0x56, 0x39, 
    0x58, 0xe3, 0x60, 0x98, 0x6e, 0x20, 0x9a, 0x60, 0xc4, 0xc0, 0x00, 0x40, 
    0x10, 0x0c, 0xba, 0x56, 0x0e, 0xda, 0x38, 0x20, 0xa6, 0x1b, 0x0a, 0x27, 
    0x18, 0x31, 0x30, 0x00, 0x10, 0x04, 0x83, 0xee, 0x95, 0x83, 0x37, 0x0e, 
    0x8a, 0xe9, 0x06, 0xe3, 0x09, 0x66, 0x09, 0xde, 0x62, 0xa0, 0xc3, 0x50, 
    0x13, 0xb2, 0x50, 0xdc, 0xc2, 0x26, 0xda, 0x62, 0xa0, 0xc3, 0x50, 0x13, 
    0xb2, 0x40, 0xdc, 0x42, 0x26, 0xda, 0x62, 0xa0, 0xc3, 0x50, 0x13, 0xb2, 
    0x30, 0xdc, 0xc2, 0x25, 0xda, 0x62, 0x34, 0xe1, 0x85, 0x86, 0xe1, 0x86, 
    0x80, 0x95, 0x03, 0x30, 0x98, 0x65, 0x80, 0x8b, 0xb9, 0x08, 0x66, 0x19, 
    0xe2, 0x02, 0x2f, 0x54, 0x6d, 0xc4, 0xe0, 0x00, 0x40, 0x10, 0x0c, 0x30, 
    0x5c, 0x0e, 0x40, 0x39, 0x28, 0x29, 0xdc, 0x0d, 0x46, 0x0c, 0x0e, 0x00, 
    0x04, 0xc1, 0x00, 0xcb, 0xe5, 0x20, 0x94, 0x83, 0x92, 0xca, 0xdd, 0x60, 
    0xc4, 0xe0, 0x00, 0x40, 0x10, 0x0c, 0x30, 0x5d, 0x0e, 0x44, 0x39, 0x28, 
    0x29, 0xdd, 0x0d, 0x46, 0x0c, 0x0e, 0x00, 0x04, 0xc1, 0x00, 0xdb, 0xe5, 
    0x60, 0x94, 0x03, 0x21, 0x18, 0x31, 0x38, 0x00, 0x10, 0x04, 0x03, 0x8c, 
    0x97, 0x03, 0x52, 0x0e, 0x88, 0x60, 0xc4, 0xe0, 0x00, 0x40, 0x10, 0x0c, 
    0xb0, 0x5e, 0x0e, 0xfe, 0x38, 0x08, 0xc8, 0x37, 0x18, 0x8e, 0x08, 0xc2, 
    0x37, 0x50, 0xbe, 0x59, 0x06, 0xb9, 0xc0, 0x8b, 0xc0, 0x04, 0x41, 0x3e, 
    0x16, 0xbe, 0x41, 0x10, 0x9f, 0x11, 0x83, 0x03, 0x00, 0x41, 0x30, 0xc0, 
    0xc2, 0x39, 0x48, 0xe5, 0x20, 0x30, 0xdf, 0x60, 0xc4, 0xc0, 0x00, 0x40, 
    0x10, 0x0c, 0xa2, 0x72, 0x0e, 0xf6, 0x38, 0x08, 0x2c, 0x30, 0xe4, 0x63, 
    0xc1, 0x41, 0x1f, 0x0b, 0x1a, 0xf9, 0x98, 0xd0, 0xc8, 0xc7, 0x86, 0x46, 
    0x3e, 0xb3, 0x04, 0x78, 0x31, 0xdc, 0x20, 0xed, 0x72, 0x10, 0x06, 0xb5, 
    0x6b, 0x79, 0x1c, 0x70, 0x09, 0xc1, 0x4e, 0x37, 0x60, 0x38, 0x35, 0x4c, 
    0x37, 0x60, 0x38, 0x45, 0x4c, 0x37, 0x60, 0x38, 0x55, 0xcc, 0x32, 0xe0, 
    0x05, 0x5d, 0x10, 0x23, 0x06, 0x07, 0x00, 0x82, 0x60, 0x80, 0xb9, 0x73, 
    0x60, 0xcb, 0xc1, 0x4e, 0xb9, 0x6f, 0x30, 0x62, 0x70, 0x00, 0x20, 0x08, 
    0x06, 0xd8, 0x3b, 0x07, 0xb7, 0x1c, 0xec, 0xd4, 0xfb, 0x06, 0x23, 0x06, 
    0x07, 0x00, 0x82, 0x60, 0x80, 0xc1, 0x73, 0x80, 0xcb, 0xc1, 0x4e, 0xc1, 
    0x6f, 0x30, 0x62, 0x70, 0x00, 0x20, 0x08, 0x06, 0x58, 0x3c, 0x07, 0xb9, 
    0x1c, 0x08, 0xc1, 0x88, 0xc1, 0x01, 0x80, 0x20, 0x18, 0x60, 0xf2, 0x1c, 
    0xe8, 0x72, 0x40, 0x04, 0xc3, 0x11, 0x81, 0xfd, 0x06, 0xca, 0x37, 0xcb, 
    0x50, 0x17, 0x78, 0x11, 0x0c, 0x47, 0x08, 0x76, 0x1c, 0x28, 0xdf, 0x2c, 
    0x83, 0x5d, 0xdc, 0x45, 0x60, 0x43, 0x1c, 0x07, 0xf0, 0xb1, 0x80, 0x8d, 
    0x03, 0xf9, 0x8c, 0x18, 0x1c, 0x00, 0x08, 0x82, 0x01, 0x76, 0xcf, 0x41, 
    0x2e, 0x07, 0x81, 0xff, 0x06, 0x16, 0x04, 0xf2, 0x31, 0xfd, 0x0d, 0x82, 
    0xf8, 0x8c, 0x18, 0x1c, 0x00, 0x08, 0x82, 0x01, 0xa6, 0xcf, 0x81, 0x38, 
    0x07, 0xc1, 0xff, 0x06, 0x23, 0x06, 0x06, 0x00, 0x82, 0x60, 0x10, 0xf9, 
    0x73, 0x40, 0xcb, 0x41, 0x60, 0xc5, 0x1c, 0x07, 0xf2, 0xb1, 0x40, 0x90, 
    0x8f, 0x05, 0xa0, 0x1c, 0xc0, 0x67, 0x96, 0xe0, 0x2e, 0x06, 0x2a, 0x0c, 
    0xc1, 0x2e, 0xb4, 0xba, 0xb0, 0xc0, 0xa1, 0x8f, 0x05, 0x93, 0x7c, 0x4c, 
    0x98, 0xe4, 0x63, 0xc3, 0x24, 0x9f, 0x59, 0x02, 0xbc, 0x18, 0xa8, 0x31, 
    0xe4, 0x60, 0x2e, 0xc4, 0x35, 0x80, 0x0b, 0x3f, 0x90, 0x0b, 0x5c, 0x88, 
    0x0b, 0xe3, 0x2e, 0xd8, 0x80, 0x2e, 0x06, 0x6a, 0x0c, 0x39, 0x98, 0x0b, 
    0x71, 0x0d, 0xe0, 0xc2, 0x0f, 0xe4, 0x02, 0x17, 0xe2, 0xc2, 0xb8, 0x0b, 
    0x36, 0xa0, 0x8b, 0x81, 0x1a, 0x43, 0x0e, 0xe6, 0x42, 0x5c, 0x03, 0xb8, 
    0xf0, 0x03, 0xb9, 0xc0, 0x85, 0xb8, 0x30, 0xee, 0x82, 0x0d, 0xe8, 0xc2, 
    0x86, 0x99, 0x92, 0x8f, 0x0d, 0x34, 0x25, 0x1f, 0x1b, 0x6a, 0x4a, 0x3e, 
    0xc3, 0x0d, 0x2c, 0x18, 0x88, 0x74, 0x10, 0x06, 0xd3, 0x0d, 0x6b, 0x45, 
    0x04, 0xd3, 0x0d, 0x6b, 0x45, 0x08, 0xd3, 0x0d, 0x6b, 0x45, 0x0c, 0xc3, 
    0x0d, 0x2e, 0x18, 0x98, 0x74, 0x10, 0x06, 0xd3, 0x0d, 0x2f, 0x1c, 0x10, 
    0xc1, 0x74, 0x03, 0x0c, 0x07, 0x84, 0x30, 0xdd, 0x10, 0xc3, 0x01, 0x31, 
    0x0c, 0x37, 0xcc, 0x60, 0xa0, 0xd2, 0x01, 0x18, 0xcc, 0x32, 0x94, 0x46, 
    0x5e, 0x04, 0xa3, 0x09, 0x39, 0x15, 0x0c, 0x37, 0x04, 0x2c, 0x1d, 0x80, 
    0xc1, 0x2c, 0x03, 0x5f, 0xe8, 0x45, 0x30, 0x62, 0xd0, 0x00, 0x20, 0x08, 
    0x06, 0x8d, 0x4e, 0x07, 0xf4, 0x1c, 0xc4, 0x70, 0xd0, 0xd2, 0x41, 0x4b, 
    0x07, 0x2d, 0x1d, 0xf8, 0x73, 0xe0, 0xcf, 0x81, 0x3f, 0x07, 0xfe, 0x1c, 
    0x8c, 0x26, 0x04, 0xc0, 0x70, 0x44, 0xa0, 0xc3, 0x81, 0xf0, 0x0d, 0x47, 
    0x08, 0xb8, 0x1c, 0x10, 0x5f, 0x09, 0x81, 0xce, 0x32, 0xec, 0x05, 0x5f, 
    0x04, 0x23, 0x06, 0x07, 0x00, 0x82, 0x60, 0x00, 0x06, 0x37, 0x1d, 0x80, 
    0x74, 0x00, 0xc3, 0x01, 0x4b, 0x07, 0xa3, 0x09, 0x81, 0x60, 0x81, 0x41, 
    0x9f, 0x11, 0x83, 0x03, 0x00, 0x41, 0x30, 0xc0, 0x7a, 0x3a, 0x28, 0xe9, 
    0x20, 0xe0, 0xe5, 0x60, 0xc4, 0xe0, 0x00, 0x40, 0x10, 0x0c, 0x30, 0x9f, 
    0x0e, 0x40, 0x3a, 0x08, 0x78, 0x39, 0x98, 0x25, 0xe8, 0x8b, 0x11, 0x83, 
    0x03, 0x00, 0x41, 0x30, 0x00, 0x03, 0x9e, 0x0e, 0x4a, 0x3a, 0xa8, 0xe1, 
    0xe0, 0xa6, 0x83, 0xd1, 0x84, 0x20, 0x18, 0x31, 0x38, 0x00, 0x10, 0x04, 
    0x03, 0x2c, 0xac, 0x83, 0x94, 0x0e, 0x02, 0x5f, 0x0e, 0x66, 0x09, 0xfa, 
    0x62, 0xa0, 0xc2, 0x40, 0xf6, 0x42, 0xe0, 0x8b, 0x59, 0x06, 0xd0, 0xf0, 
    0x8b, 0x67, 0xc4, 0xa0, 0x01, 0x40, 0x10, 0x0c, 0x1a, 0xb4, 0x0e, 0x44, 
    0x3a, 0xf8, 0xe1, 0x60, 0xa7, 0x83, 0x9d, 0x0e, 0x76, 0x3a, 0x60, 0xe9, 
    0x80, 0xa5, 0x03, 0x96, 0x0e, 0x58, 0x3a, 0x18, 0x4d, 0x08, 0x80, 0xe1, 
    0x88, 0x00, 0x8d, 0x03, 0xe1, 0x1b, 0x8e, 0x10, 0xcc, 0x39, 0x20, 0xbe, 
    0x12, 0x02, 0x9d, 0x65, 0xf8, 0x0b, 0xd0, 0x08, 0x46, 0x0c, 0x0e, 0x00, 
    0x04, 0xc1, 0x00, 0x0c, 0xca, 0x3a, 0x70, 0xe9, 0xc0, 0x87, 0x03, 0x9d, 
    0x0e, 0x46, 0x13, 0x02, 0xc1, 0x02, 0x83, 0x3e, 0x23, 0x06, 0x07, 0x00, 
    0x82, 0x60, 0x80, 0xad, 0x75, 0x30, 0xd3, 0x41, 0xa0, 0xce, 0xc1, 0x88, 
    0xc1, 0x01, 0x80, 0x20, 0x18, 0x60, 0x6c, 0x1d, 0xb8, 0x74, 0x10, 0xa8, 
    0x73, 0x30, 0x4b, 0x10, 0x1a, 0x23, 0x06, 0x07, 0x00, 0x82, 0x60, 0x00, 
    0x06, 0x6a, 0x1d, 0xcc, 0x74, 0x30, 0xc6, 0x41, 0x59, 0x07, 0xa3, 0x09, 
    0x41, 0x30, 0x62, 0x70, 0x00, 0x20, 0x08, 0x06, 0xd8, 0x5b, 0x07, 0x37, 
    0x1d, 0x04, 0xec, 0x1c, 0xcc, 0x12, 0x84, 0xc6, 0x40, 0x85, 0x81, 0xfc, 
    0x85, 0x00, 0x1a, 0xb3, 0x0c, 0xa4, 0x21, 0x1a, 0xdd, 0x88, 0x41, 0x03, 
    0x80, 0x20, 0x18, 0x34, 0x76, 0x1d, 0xc0, 0x74, 0xd0, 0xc6, 0x41, 0x5a, 
    0x07, 0x69, 0x1d, 0xa4, 0x75, 0xa0, 0xd3, 0x81, 0x4e, 0x07, 0x3a, 0x1d, 
    0xe8, 0x74, 0x30, 0x9a, 0x10, 0x00, 0xc3, 0x11, 0x81, 0x1d, 0x07, 0xc2, 
    0x37, 0x1c, 0x21, 0xd0, 0x73, 0x40, 0x7c, 0x25, 0x04, 0x3a, 0xcb, 0x30, 
    0x1a, 0xa4, 0x11, 0x8c, 0x18, 0x1c, 0x00, 0x08, 0x82, 0x01, 0x18, 0xcc, 
    0x75, 0xc0, 0xd3, 0x01, 0x1b, 0x07, 0x68, 0x1d, 0x8c, 0x26, 0x04, 0x82, 
    0x05, 0x06, 0x7d, 0x46, 0x0c, 0x0e, 0x00, 0x04, 0xc1, 0x00, 0xcb, 0xeb, 
    0x20, 0xac, 0x83, 0x00, 0x9f, 0x83, 0x11, 0x83, 0x03, 0x00, 0x41, 0x30, 
    0xc0, 0xf4, 0x3a, 0xe0, 0xe9, 0x20, 0xc0, 0xe7, 0x60, 0x96, 0xa0, 0x34, 
    0x46, 0x0c, 0x0e, 0x00, 0x04, 0xc1, 0x00, 0x0c, 0xf0, 0x3a, 0x08, 0xeb, 
    0x20, 0x8e, 0x83, 0xb9, 0x0e, 0x46, 0x13, 0x82, 0x60, 0xc4, 0xe0, 0x00, 
    0x40, 0x10, 0x0c, 0xb0, 0xbe, 0x0e, 0xca, 0x3a, 0x08, 0xf4, 0x39, 0x98, 
    0x25, 0x28, 0x8d, 0x81, 0x0e, 0xc3, 0x17, 0xf0, 0x02, 0x0f, 0x46, 0x03, 
    0x0f, 0x48, 0x63, 0xa0, 0xc3, 0xf0, 0x05, 0xbc, 0xf0, 0x46, 0xc3, 0x23, 
    0x8d, 0x81, 0x0e, 0xc3, 0x17, 0xf0, 0x82, 0x19, 0x0d, 0x83, 0x34, 0x46, 
    0x0c, 0x0e, 0x00, 0x04, 0xc1, 0x00, 0x0b, 0xed, 0x20, 0xad, 0x83, 0x21, 
    0x94, 0x83, 0x11, 0x83, 0x03, 0x00, 0x41, 0x30, 0xc0, 0x44, 0x3b, 0x50, 
    0xeb, 0x60, 0x10, 0xe5, 0x60, 0xc4, 0xe0, 0x00, 0x40, 0x10, 0x0c, 0xb0, 
    0xd1, 0x0e, 0xd6, 0x3a, 0x18, 0x46, 0x39, 0x18, 0x31, 0x70, 0x00, 0x10, 
    0x04, 0x83, 0x07, 0xb5, 0x03, 0xb2, 0x0e, 0x44, 0x39, 0xc8, 0xe3, 0x00, 
    0x8f, 0x83, 0xb6, 0x0e, 0x06, 0x21, 0x08, 0xaf, 0x97, 0x0e, 0x66, 0x09, 
    0x4c, 0x03, 0x01, 0x00, 0x00, 0x00, 0x00, 0x00
};
